CustomerKey,Gender,Name,City,State,Country,Continent,Birthday
301,Female,"Lilly Harding","WANDEARAH EAST","South Australia",Australia,Australia,1939-07-03
325,Female,"Madison Hull","MOUNT BUDD","Western Australia",Australia,Australia,1979-09-27
554,Female,"Claire Ferres",WINJALLOK,Victoria,Australia,Australia,1947-05-26
786,Male,"Jai Poltpalingada","MIDDLE RIVER","South Australia",Australia,Australia,1957-09-17
1042,Male,"Aidan Pankhurst","TAWONGA SOUTH",Victoria,Australia,Australia,1965-11-19
1086,Male,"Hayden Clegg",TEMPLERS,"South Australia",Australia,Australia,1954-01-20
1133,Male,"Nicholas Caffyn","JUBILEE POCKET",Queensland,Australia,Australia,1969-11-22
1256,Male,"Lincoln Jenks",KULLOGUM,Queensland,Australia,Australia,1950-03-12
1314,Male,"Isaac Israel","EDITH RIVER","Northern Territory",Australia,Australia,1965-12-21
1568,Male,"Luke Virtue",KOTTA,Victoria,Australia,Australia,1975-07-25
1585,Female,"Anna Hallstrom","GREEN LAKE",Victoria,Australia,Australia,1990-08-12
1626,Female,"Mary Leach","NEDS CORNER",Victoria,Australia,Australia,1985-10-17
1642,Female,"Ruby Ambrose",TARLO,"New South Wales",Australia,Australia,1965-03-03
1677,Male,"Dean Innes",ELLESMERE,Queensland,Australia,Australia,1964-11-22
1817,Female,"Laura Le Rennetel",BEAUCHAMP,Victoria,Australia,Australia,1986-07-10
1863,Female,"Chelsea Watkins","NAMBOUR DC",Queensland,Australia,Australia,1984-09-22
1945,Male,"Angus Beaurepaire",GREENFIELDS,"Western Australia",Australia,Australia,1974-09-20
2238,Female,"Isabelle Cochran",BRUCKNELL,Victoria,Australia,Australia,1969-10-31
2248,Male,"Rory Spargo",JUNG,Victoria,Australia,Australia,1987-12-15
2435,Female,"Lilian Hall",BLAKEBROOK,"New South Wales",Australia,Australia,1968-04-01
2469,Female,"Phoebe Kneeshaw",BIDWILL,Queensland,Australia,Australia,1948-05-20
2512,Female,"Matilda Hake","BUNKERS HILL",Victoria,Australia,Australia,1992-11-13
2604,Female,"Claudia Davison","KUBIN VILLAGE",Queensland,Australia,Australia,1995-04-08
2751,Male,"Nate Lowes",CALLIDE,Queensland,Australia,Australia,1979-08-20
2792,Male,"Zachary Perkin",BAMGANIE,Victoria,Australia,Australia,1976-08-25
2836,Male,"Nicholas Shand",GORDONBROOK,Queensland,Australia,Australia,1959-02-23
3002,Male,"Joshua Aronson",SMITHTON,Tasmania,Australia,Australia,2000-11-08
3006,Female,"Alica Stuckey",HARTLEY,"New South Wales",Australia,Australia,1943-01-13
3203,Male,"Aidan Kane",ARGENTON,"New South Wales",Australia,Australia,1998-08-18
3270,Male,"Hunter Templeton","CENTRAL TILBA","New South Wales",Australia,Australia,1948-05-02
3327,Female,"Alannah Le Messurier",KONONGWOOTONG,Victoria,Australia,Australia,1948-04-28
3410,Male,"Will Armitage",BOLLON,Queensland,Australia,Australia,1950-05-12
3575,Male,"Noah McFarland","HOPPERS CROSSING",Victoria,Australia,Australia,1942-03-04
3964,Female,"Rose Code",DIXIE,Victoria,Australia,Australia,1944-02-16
4004,Female,"Piper Wrixon","WYALLA PLAZA",Queensland,Australia,Australia,1995-06-24
4174,Female,"Rebecca Yelverton","OCEAN REEF","Western Australia",Australia,Australia,1990-10-05
4633,Female,"Victoria Brown",KEYSLAND,Queensland,Australia,Australia,1964-01-08
4734,Male,"Justin Felan",PARMELIA,"Western Australia",Australia,Australia,1946-02-13
4808,Male,"Jamie Evenden","HAYWARDS BAY","New South Wales",Australia,Australia,1944-06-28
4811,Male,"Brayden Bulcock",WIDGIEMOOLTHA,"Western Australia",Australia,Australia,1994-12-21
5097,Female,"Bella Foley","Mount Pleasant",Queensland,Australia,Australia,1942-11-13
5445,Male,"Jake Clibborn",REEFTON,Victoria,Australia,Australia,1952-09-10
5962,Male,"Aiden Dugdale","SWAN BAY","New South Wales",Australia,Australia,1938-11-17
6193,Female,"Lara Cassidy","REGENCY PARK","South Australia",Australia,Australia,1945-12-27
6242,Male,"Cody Grosse",KOOMBERKINE,"Western Australia",Australia,Australia,1964-02-10
6258,Male,"Zac Hull",SANDFORD,Victoria,Australia,Australia,1976-07-03
6308,Male,"Taj Sexton",KOOREH,Victoria,Australia,Australia,2001-02-15
6459,Male,"Mitchell Leigh","KEILOR DOWNS",Victoria,Australia,Australia,1942-05-24
6794,Female,"Abby Hyam",CALDER,Tasmania,Australia,Australia,1971-02-06
7109,Male,"Hamish Bolton","LANKEYS CREEK","New South Wales",Australia,Australia,1979-11-15
7122,Female,"Lara Virtue",HIGGINSVILLE,"Western Australia",Australia,Australia,1999-08-13
7313,Female,"Chelsea Keast",KANMANTOO,"South Australia",Australia,Australia,1990-01-26
7398,Male,"Jonathan Thorpe","COOEE BAY",Queensland,Australia,Australia,1945-06-10
7493,Male,"Declan Torrens",NOORINDOO,Queensland,Australia,Australia,1978-07-20
7494,Male,"Ben Coventry","HYDE PARK",Queensland,Australia,Australia,1967-04-02
7566,Male,"William Prenzel",KILLARA,Victoria,Australia,Australia,1993-07-01
7664,Male,"Riley Gaffney",CANOWIE,"South Australia",Australia,Australia,1947-03-18
7700,Male,"Lucas Keenan","STANWELL TOPS","New South Wales",Australia,Australia,1975-01-27
7725,Female,"Anna Prerauer",CURRIMUNDI,Queensland,Australia,Australia,1968-01-06
7783,Female,"Charli Gullett","MOUNT WALLACE",Victoria,Australia,Australia,1961-08-13
8098,Female,"Alana Belt","SOUTH GREENOUGH","Western Australia",Australia,Australia,1967-01-26
8181,Female,"Amelie Nairn",DARTMOUTH,Victoria,Australia,Australia,1985-07-08
8220,Male,"David Blanch",Vista,"South Australia",Australia,Australia,1945-07-29
8789,Female,"Layla Mackellar",KALKARINDJI,"Northern Territory",Australia,Australia,1999-07-13
8794,Female,"Abbey Lempriere","BOULDER CREEK",Queensland,Australia,Australia,1962-11-02
8945,Female,"Summer MacMahon",WARUMBUL,"New South Wales",Australia,Australia,1939-06-28
9167,Male,"Luke Bushby",PARACOMBE,"South Australia",Australia,Australia,1975-12-02
9184,Male,"Sam Zimpel",CORUNNUN,Victoria,Australia,Australia,1964-11-24
9360,Male,"Mitchell Adam",MOPARRABAH,"New South Wales",Australia,Australia,1955-01-30
9370,Female,"Ruby Lock",Cook,"Australian Capital Territory",Australia,Australia,1953-05-26
9389,Female,"Eliza Brophy",YEARINAN,"New South Wales",Australia,Australia,1956-04-08
9456,Male,"Ryder Abdullah",CLAREDALE,Queensland,Australia,Australia,1941-05-21
9812,Female,"Kaitlyn Morshead",MINJARY,"New South Wales",Australia,Australia,1953-01-23
9915,Female,"Ebony Buxton",SEPPINGS,"Western Australia",Australia,Australia,1991-11-10
10039,Female,"Brianna Hann",NIKENBAH,Queensland,Australia,Australia,1947-10-22
10189,Female,"Alexis Birchell","FOREST REEFS","New South Wales",Australia,Australia,1962-04-07
10276,Male,"Angus Bardolph","BATEAU BAY","New South Wales",Australia,Australia,1972-11-01
10299,Male,"Anthony Macvitie",BEELBANGERA,"New South Wales",Australia,Australia,1937-05-27
10332,Male,"James Burnage",Palmyra,"Western Australia",Australia,Australia,1937-03-26
10393,Male,"Nicholas Moncrieff","ROSENTHAL HEIGHTS",Queensland,Australia,Australia,1981-11-29
10395,Male,"Cameron Dillon",STRATHERNE,"Western Australia",Australia,Australia,1996-02-25
10481,Female,"Piper Maudsley","CELLS RIVER","New South Wales",Australia,Australia,1977-04-17
10504,Male,"Daniel Rusconi","SOUTH DATATINE","Western Australia",Australia,Australia,1980-10-22
10717,Male,"Harrison Ingram",MAYA,"Western Australia",Australia,Australia,1981-06-16
11035,Female,"Makayla Meldrum","KINGS FOREST","New South Wales",Australia,Australia,1939-12-08
11090,Female,"Scarlett Scollen",SILVERWATER,"New South Wales",Australia,Australia,1953-01-20
11587,Male,"Andrew Fenbury",York,"Western Australia",Australia,Australia,1977-11-09
11736,Female,"Summer Brownrigg",YARRABILBA,Queensland,Australia,Australia,1991-01-22
12084,Male,"Toby Chauvel",GALGA,"South Australia",Australia,Australia,1958-07-20
12160,Male,"Jett Creal",Oakhurst,"New South Wales",Australia,Australia,1956-09-05
12162,Female,"Eva Lavarack",WHITTINGTON,Victoria,Australia,Australia,1954-07-30
12207,Male,"Aiden Jull",OGMORE,Queensland,Australia,Australia,1955-11-30
12256,Female,"Lilly Lynn",ROTHBURY,"New South Wales",Australia,Australia,1991-03-07
12365,Female,"Natalie Lyon","STEEPLE FLAT","New South Wales",Australia,Australia,1958-04-06
12385,Female,"Lily Gribble","OVERLAND CORNER","South Australia",Australia,Australia,1981-06-10
12392,Female,"Laura Waterhouse",GREENHILL,"South Australia",Australia,Australia,1957-03-08
12649,Female,"Rose Raven","NOBLE PARK NORTH",Victoria,Australia,Australia,1965-12-11
12729,Male,"Xavier Sturdee",STANNUM,"New South Wales",Australia,Australia,1937-10-14
12810,Male,"Patrick Newbigin","Deer Park",Victoria,Australia,Australia,1957-06-24
12859,Male,"Koby Rayment",NABAWA,"Western Australia",Australia,Australia,1942-04-29
12868,Male,"Nathan Greville",MALLALA,"South Australia",Australia,Australia,1961-03-12
13045,Female,"Abbey Storkey","BLUE MOUNTAIN HEIGHTS",Queensland,Australia,Australia,1957-10-19
13071,Female,"Claudia Fuller",CUBALLING,"Western Australia",Australia,Australia,1973-06-28
13232,Female,"Maya Coates","UNLEY BC","South Australia",Australia,Australia,1985-08-12
13365,Male,"Mitchell Cutlack",MOONEM,"New South Wales",Australia,Australia,1961-01-02
13607,Female,"Gemma Maum","MAMBRAY CREEK","South Australia",Australia,Australia,1954-09-21
14069,Male,"Jacob Gairdner","ROB ROY","New South Wales",Australia,Australia,1949-05-24
14180,Female,"Ava Lockyer",KALGOORLIE,"Western Australia",Australia,Australia,1998-05-14
14275,Female,"Dakota Dunshea",BENTLEY,"New South Wales",Australia,Australia,1979-05-02
14906,Female,"Grace Houghton",BOYER,Tasmania,Australia,Australia,1982-11-16
14962,Female,"Mackenzie Newell",Crestwood,"New South Wales",Australia,Australia,1936-04-05
14988,Female,"Emily Thirkell","WYNDHAM VALE",Victoria,Australia,Australia,1958-07-24
15109,Female,"Sara Marsden","WHALE BEACH","New South Wales",Australia,Australia,1999-08-18
15385,Male,"Harry Morgans",DOONGIN,"Western Australia",Australia,Australia,1995-05-11
15391,Female,"Elizabeth Horsley",MARRAWEENEY,Victoria,Australia,Australia,1989-01-25
15569,Female,"Chelsea Weekes",COLAC,Victoria,Australia,Australia,1983-09-08
15718,Female,"Natalie Tennant",DAKENBA,Queensland,Australia,Australia,1957-02-20
16193,Female,"Isabelle Beggs",ALTONA,"South Australia",Australia,Australia,1964-05-10
16282,Female,"Evie Kirkhope","REIDS FLAT","New South Wales",Australia,Australia,2000-05-11
16716,Female,"Abby Frater",KAYUGA,"New South Wales",Australia,Australia,1987-12-16
17412,Male,"Mitchell Kwok","VICTORIA PARK","Western Australia",Australia,Australia,1969-08-31
17811,Female,"Alicia Hoy","WATTLE GLEN",Victoria,Australia,Australia,1985-10-15
18067,Male,"Rory Koerstz","MOUNT MCKENZIE","South Australia",Australia,Australia,1941-10-26
18263,Male,"Callum Semmens","RURAL VIEW",Queensland,Australia,Australia,1978-06-01
18309,Male,"Michael Vogt","FYANS CREEK",Victoria,Australia,Australia,1992-01-07
18470,Male,"Zac Pryor",GOSFORD,"New South Wales",Australia,Australia,1969-03-12
18493,Male,"George Kevin",TASCOTT,"New South Wales",Australia,Australia,1994-09-27
18714,Male,"Ashton Aitken",PINWERNYING,"Western Australia",Australia,Australia,1972-08-13
18887,Female,"Zara Castleton",BOOROLITE,Victoria,Australia,Australia,1978-11-25
19082,Male,"Matthew Denman",RANSOME,Queensland,Australia,Australia,1939-04-06
19207,Male,"Luke Casimaty",KURRACA,Victoria,Australia,Australia,1991-01-19
19404,Male,"Cody O'Hea",WYNNUM,Queensland,Australia,Australia,1997-06-10
19534,Female,"Leah Martin",TOOBORAC,Victoria,Australia,Australia,1964-12-13
19579,Female,"Ava Reye",BARCALDINE,Queensland,Australia,Australia,1949-10-16
19726,Female,"Victoria Daly",WATANOBBI,"New South Wales",Australia,Australia,1973-01-28
19732,Female,"Olivia Moresby",WAPPILKA,"South Australia",Australia,Australia,1981-08-31
19753,Female,"Alyssa Solander",HOWTH,Tasmania,Australia,Australia,1995-10-21
19916,Male,"Hunter Samuel","LITTLE PLAIN","New South Wales",Australia,Australia,1991-05-13
20069,Male,"Jesse Parry-Okeden",GWINDINUP,"Western Australia",Australia,Australia,1980-11-24
20092,Female,"Victoria Fitzsimmons","CAMBRIDGE GARDENS","New South Wales",Australia,Australia,1947-05-03
20237,Male,"Riley Montefiore",WILLIAMSTOWN,Victoria,Australia,Australia,1986-07-14
20623,Female,"Eva Rendall",CARLYLE,Victoria,Australia,Australia,1994-03-11
20802,Male,"Ben Whitworth",POLDA,"South Australia",Australia,Australia,1945-07-07
20946,Female,"Taylah Walstab",WINTHROP,"Western Australia",Australia,Australia,1999-11-04
21203,Male,"Tristan Dobie",CHARTWELL,Victoria,Australia,Australia,1960-02-18
21387,Male,"Christian Hughes",CREMORNE,"New South Wales",Australia,Australia,1970-01-26
21424,Male,"Justin Tickell","HEYTESBURY LOWER",Victoria,Australia,Australia,1940-07-29
21460,Female,"Kayla De Beuzeville",GLENLYNN,"Western Australia",Australia,Australia,1957-11-01
21523,Male,"Jayden Rennie",SWANHAVEN,"New South Wales",Australia,Australia,1969-12-06
21575,Male,"Zac Chumleigh",CRAIGIE,"Western Australia",Australia,Australia,1991-12-29
21654,Female,"Amber Monger","PARLIAMENT HOUSE","South Australia",Australia,Australia,1950-02-03
21819,Female,"Matilda Blacklock",Cleveland,Tasmania,Australia,Australia,2000-06-18
21870,Female,"Summer Gramp",BELTANA,"South Australia",Australia,Australia,1991-11-23
22158,Male,"Will Parer","CHURCH POINT","New South Wales",Australia,Australia,1996-12-10
22384,Male,"Jaxon Cox",PEARCE,"Australian Capital Territory",Australia,Australia,1951-01-24
22540,Male,"Connor Ruwolt",BANDYA,"Western Australia",Australia,Australia,1989-06-12
22775,Male,"Flynn Campion",NEEDLES,Tasmania,Australia,Australia,1958-08-27
22826,Male,"Edward Putilin",ASHFIELD,Queensland,Australia,Australia,1976-09-25
23128,Male,"Zane Sinclaire",SUMMERLANDS,Victoria,Australia,Australia,2000-01-02
23203,Female,"Gemma Philipp","MADORA BAY","Western Australia",Australia,Australia,1998-08-11
23267,Female,"Gabrielle Zinnbauer","FLINDERS VIEW",Queensland,Australia,Australia,1954-04-18
23320,Female,"Samantha Weigel",WITTENOOM,"Western Australia",Australia,Australia,1960-04-15
23431,Female,"Grace Scarf","SHEEP HILLS",Victoria,Australia,Australia,1970-10-27
23599,Female,"Maddison Blanc","FORRESTERS BEACH","New South Wales",Australia,Australia,1989-10-12
23854,Male,"Ali Wroblewski",MURRAWOMBIE,"New South Wales",Australia,Australia,1943-01-02
24069,Male,"Edward Carron",ULMARRA,"New South Wales",Australia,Australia,1985-05-20
24230,Female,"Zoe Dadswell","DAVOREN PARK SOUTH","South Australia",Australia,Australia,1979-10-26
24575,Female,"Stella O'Mahony","PLACID HILLS",Queensland,Australia,Australia,2000-06-07
24920,Female,"Natalie Robey","CORNY POINT","South Australia",Australia,Australia,1938-04-17
25308,Female,"Angelina Kates","WEST WIANGAREE","New South Wales",Australia,Australia,1987-03-12
25771,Female,"Mikayla Shenton",BOOLCARROLL,"New South Wales",Australia,Australia,1959-07-26
25864,Male,"Zane Corkill",SHIRLEY,Victoria,Australia,Australia,1995-05-05
25935,Male,"Charlie D'Arcy","BURNT YARDS","New South Wales",Australia,Australia,1975-01-13
26458,Male,"George Creer",Westbury,Victoria,Australia,Australia,1979-04-28
26477,Male,"Caleb Willshire",MORISSET,"New South Wales",Australia,Australia,1959-11-05
26642,Male,"Noah Moloney","ELIZABETH BEACH","New South Wales",Australia,Australia,1978-09-30
26728,Female,"Gemma Allan","MARRICKVILLE SOUTH","New South Wales",Australia,Australia,1979-01-18
26906,Male,"Xavier McPhee","CLEMTON PARK","New South Wales",Australia,Australia,1974-06-16
26914,Female,"Amelia England","MOUNT COTTRELL",Victoria,Australia,Australia,1940-10-10
26970,Female,"Rose Frater","BENDIGO SOUTH",Victoria,Australia,Australia,1990-11-12
27125,Female,"Ashley Hornung","ARNO BAY","South Australia",Australia,Australia,1976-03-16
27210,Male,"Liam Osborn",MOOTAI,"New South Wales",Australia,Australia,1973-07-02
27356,Male,"Hamish D'Hage",TURRAMURRA,"New South Wales",Australia,Australia,1969-10-02
27432,Female,"Mikayla Favenc",CLEVE,"South Australia",Australia,Australia,1998-09-26
27492,Female,"Bianca Coombe",YAMBUK,Victoria,Australia,Australia,1987-11-04
27616,Male,"Cameron Tebbutt",BANNOCKBURN,Victoria,Australia,Australia,1987-05-17
27896,Male,"Zachary McLeish",JACUP,"Western Australia",Australia,Australia,1973-10-17
27945,Male,"Charlie Stralia",SOFALA,"New South Wales",Australia,Australia,1974-05-20
28076,Female,"Alannah Onus",AVOCA,Tasmania,Australia,Australia,1979-01-02
28559,Male,"Samuel Israel",YILKI,"South Australia",Australia,Australia,1968-12-07
28690,Male,"Leo Walcott",MILLCHESTER,Queensland,Australia,Australia,1987-09-12
28702,Female,"Charli Lhotsky",DREWVALE,Queensland,Australia,Australia,1966-06-30
29041,Male,"Logan Barling",LINDENOW,Victoria,Australia,Australia,1937-11-14
29278,Male,"Justin Hartog",PINEVALE,Queensland,Australia,Australia,1990-09-04
29303,Male,"Max Cohn","KIRTON POINT","South Australia",Australia,Australia,1983-05-01
29320,Male,"Levi Barraclough",BLACKBUTT,"New South Wales",Australia,Australia,1938-10-14
29475,Female,"Madison Pocock",TUROSS,"New South Wales",Australia,Australia,1965-07-03
29555,Male,"Owen Edouard","GLEN MARTIN","New South Wales",Australia,Australia,1992-07-03
29593,Male,"Liam Nettleton",BAKARA,"South Australia",Australia,Australia,1995-08-18
29647,Female,"Jessica Maynard",BRENDA,"New South Wales",Australia,Australia,1956-05-28
29689,Female,"Alexis Phillipps","BURWOOD HEIGHTS","New South Wales",Australia,Australia,1966-08-28
29812,Male,"Marcus Napier","ST KILDA ROAD CENTRAL",Victoria,Australia,Australia,1966-11-19
29837,Female,"Rebecca Jaques","MOUNT GEORGE","New South Wales",Australia,Australia,1938-08-14
29973,Female,"Lauren Langton",DUCKINWILLA,Queensland,Australia,Australia,1937-09-24
30090,Male,"George Farrer","PARK AVENUE",Queensland,Australia,Australia,1960-10-07
30278,Female,"Madeleine Kiddle",JACANA,Victoria,Australia,Australia,1945-09-12
30428,Female,"Sienna Conrick",EARLSTON,Victoria,Australia,Australia,1999-12-01
31086,Female,"Kate Snowden",WITTENOOM,"Western Australia",Australia,Australia,1985-01-30
31164,Male,"Hunter Boehm",BOWES,"Western Australia",Australia,Australia,1948-06-15
31236,Female,"Abby Warburton","THREE BRIDGES",Victoria,Australia,Australia,1959-08-08
31288,Male,"Adam Banning","CLAY WELLS","South Australia",Australia,Australia,1988-08-28
31374,Female,"Ellie Griffin","ST AGNES","South Australia",Australia,Australia,1960-12-02
31721,Female,"Alyssa Isaacs","GULFVIEW HEIGHTS","South Australia",Australia,Australia,1961-01-19
31784,Male,"Zac Scherk",WAMBAN,"New South Wales",Australia,Australia,1968-01-02
32037,Male,"Aaron Knopwood","LAKE MOKOAN",Victoria,Australia,Australia,1989-02-14
32190,Female,"Paige Lacey",DELAMERE,"South Australia",Australia,Australia,1954-10-28
32259,Female,"Ashley Dane?",SEVENHILL,"South Australia",Australia,Australia,1975-11-21
32294,Male,"Kai Nepean","RITE ISLAND",Queensland,Australia,Australia,1948-08-04
32455,Female,"Charlotte Crane","MOSQUITO CREEK",Queensland,Australia,Australia,1997-05-09
32488,Male,"Max Wylie","STAFFORD DC",Queensland,Australia,Australia,1954-03-15
32511,Male,"Jasper Glassop",Woodford,"New South Wales",Australia,Australia,1964-02-29
32538,Female,"Eva Hazon",BOOMOODEERIE,"New South Wales",Australia,Australia,1986-07-20
32939,Female,"Alica Sizer",WONGULLA,"South Australia",Australia,Australia,1951-06-09
33036,Male,"Tyler Galvin",BYNG,"New South Wales",Australia,Australia,1959-07-31
33205,Male,"Andrew Hollway","CRYSTAL BROOK",Queensland,Australia,Australia,1943-01-10
33444,Male,"Brodie Thirkell",CLAYTON,Victoria,Australia,Australia,1968-01-09
34081,Female,"Imogen Permewan","FYANS CREEK",Victoria,Australia,Australia,1939-05-08
34126,Female,"Victoria Tasman","MENINGIE EAST","South Australia",Australia,Australia,1967-09-07
34143,Male,"John Gowlland",WARRANWOOD,Victoria,Australia,Australia,1991-04-07
34431,Male,"Leo Badger",BEACONSFIELD,"Western Australia",Australia,Australia,1940-02-02
34451,Male,"Harry Edwin",GLADSTONE,"New South Wales",Australia,Australia,1972-11-01
34462,Male,"Tyson Tishler",TALAROO,Queensland,Australia,Australia,1938-07-09
34850,Female,"Caitlin O'Loghlin","BLUE VALE","New South Wales",Australia,Australia,1960-11-30
34915,Female,"Kate Byles","MOUNT CRYSTAL","New South Wales",Australia,Australia,1969-01-28
35257,Female,"Ella Oxenham",FERNHILL,"New South Wales",Australia,Australia,1970-02-20
35479,Male,"Jeremy Petre",COSSACK,"Western Australia",Australia,Australia,1978-06-08
35703,Male,"Rory Cotton",LUGARNO,"New South Wales",Australia,Australia,1961-12-14
35733,Female,"Charlotte Shaw",WAROONA,"Western Australia",Australia,Australia,1955-05-14
35795,Male,"Riley Clegg",MOYARRA,Victoria,Australia,Australia,1995-08-07
36112,Female,"Emma Gepp",ANNUELLO,Victoria,Australia,Australia,1937-02-12
36336,Female,"Anna Burston",DJARAWONG,Queensland,Australia,Australia,1990-09-21
36418,Female,"Jorja Whitlam","MOUNT DAVID","New South Wales",Australia,Australia,1946-02-18
36507,Male,"Joseph Paten","Golden Valley",Tasmania,Australia,Australia,1955-03-23
36816,Male,"Luke Lazenby","LONGWARRY NORTH",Victoria,Australia,Australia,1971-05-18
36918,Male,"Blake Mann",OWEN,"South Australia",Australia,Australia,1982-11-06
37070,Female,"Alyssa Hooker",WANGANUI,"New South Wales",Australia,Australia,1981-07-18
37251,Male,"Leo Scerri",GHERANG,Victoria,Australia,Australia,1951-06-17
37408,Male,"Jaxon Rebell",TORRENS,"Australian Capital Territory",Australia,Australia,1975-10-11
37580,Female,"Mariam Baylee",TOMAHAWK,Tasmania,Australia,Australia,1942-01-12
37585,Female,"Lauren Fink",YELTA,"South Australia",Australia,Australia,1944-04-17
37802,Male,"Luke Byron","SOUTH DUDLEY",Victoria,Australia,Australia,1990-07-09
37991,Male,"Cooper Gillison",CARWELL,"New South Wales",Australia,Australia,1937-01-06
38006,Male,"Lachlan Postle",DYRAABA,"New South Wales",Australia,Australia,1955-10-29
38036,Female,"Kiara Schaw","UPPER YARRAMAN",Queensland,Australia,Australia,1960-07-26
38183,Male,"Hunter Montagu","NEW ITALY","New South Wales",Australia,Australia,1944-07-30
38195,Female,"Sara Roe",PAYNEDALE,"Western Australia",Australia,Australia,1972-11-22
38212,Female,"Stella Cain",WOOROONOOK,Victoria,Australia,Australia,1985-01-28
38558,Female,"Audrey Bold",BOSTOBRICK,"New South Wales",Australia,Australia,1946-05-19
38613,Male,"Hamish Mason",Tacoma,"New South Wales",Australia,Australia,1988-03-16
38865,Male,"Christopher Edmund",WINDORAH,Queensland,Australia,Australia,1948-08-17
38950,Female,"Hannah Edmond","ARTHUR RIVER",Tasmania,Australia,Australia,1954-12-08
39183,Male,"Julian Gutteridge",KURMOND,"New South Wales",Australia,Australia,1973-04-25
39246,Male,"Darcy Falconer",MANDALAY,Queensland,Australia,Australia,1974-10-20
39268,Female,"Madeleine Marx",KALLANGUR,Queensland,Australia,Australia,1975-07-24
39314,Male,"Leo Ligar","LIGHT PASS","South Australia",Australia,Australia,1985-04-20
39498,Female,"Amy Curtain",SWANBROOK,"New South Wales",Australia,Australia,1996-08-13
39582,Male,"Mason Therry",RISDON,Tasmania,Australia,Australia,1974-03-15
39592,Female,"Alicia Muntz","SOUTH SPRINGFIELD",Tasmania,Australia,Australia,1965-04-20
39894,Female,"Samantha Begg",JUNEE,"New South Wales",Australia,Australia,1941-02-26
39927,Male,"Bailey Barnet",SORELL,Tasmania,Australia,Australia,1984-05-15
39996,Male,"Harry Dawes",BENDOURA,"New South Wales",Australia,Australia,2001-05-09
40052,Female,"Isabel Dettmann",WAVERTON,"New South Wales",Australia,Australia,1957-09-06
40221,Male,"Jonathan Hammond","PARA HILLS WEST","South Australia",Australia,Australia,2001-11-01
40327,Female,"Madeleine Laing",PIALLIGO,"Australian Capital Territory",Australia,Australia,1940-08-23
40363,Female,"Alyssa Henslowe","DOUBLE BAY","New South Wales",Australia,Australia,1984-07-08
40443,Female,"Amber Normanby","CARSS PARK","New South Wales",Australia,Australia,1938-04-13
40649,Male,"Kai De Vis",KANGIARA,"New South Wales",Australia,Australia,1972-11-29
40662,Male,"Oliver Michie","MOUNT HICKS",Tasmania,Australia,Australia,1960-12-18
40669,Male,"Cody Wheare","MARTINS CREEK","New South Wales",Australia,Australia,1968-09-22
40741,Male,"Leo Bussau",HARLAXTON,Queensland,Australia,Australia,1937-06-13
41281,Male,"Lincoln D'Albertis","FITZGERALDS MOUNT","New South Wales",Australia,Australia,1945-10-27
41386,Female,"Stephanie Grant","SEAL BAY","South Australia",Australia,Australia,1948-06-20
41570,Male,"Rory Brough","East Point","Northern Territory",Australia,Australia,1937-08-15
41674,Male,"Jonathan Hodges","NORTH LAKE GRACE","Western Australia",Australia,Australia,1938-03-04
41707,Male,"Joseph Wheeler",YALLAH,"New South Wales",Australia,Australia,1957-04-19
41892,Female,"Madeline Eales",DARGAN,"New South Wales",Australia,Australia,1983-01-09
42134,Male,"Benjamin Ethel","EAST YUNA","Western Australia",Australia,Australia,1942-09-22
42177,Male,"Brock James",ELLEKER,"Western Australia",Australia,Australia,1960-07-19
42364,Female,"Layla Silas","MARLO MERRICAN","New South Wales",Australia,Australia,1952-09-27
42408,Male,"Noah Hinchcliffe","THE PALMS",Queensland,Australia,Australia,1988-11-04
42474,Male,"Alexander Leane",NUBBA,"New South Wales",Australia,Australia,2000-05-23
42603,Female,"Amy Sawyer",CUSHNIE,Queensland,Australia,Australia,2000-10-09
42840,Female,"Savannah Lansell",XANTIPPE,"Western Australia",Australia,Australia,1936-05-23
42956,Male,"Ben Raff",BARA,"New South Wales",Australia,Australia,1944-05-06
43784,Male,"Jeremy Iliffe",SNOWTOWN,"South Australia",Australia,Australia,1951-03-19
43798,Female,"Rachel Welch",AMAMOOR,Queensland,Australia,Australia,1966-01-11
43840,Female,"Rose Vlamingh",OATLANDS,Tasmania,Australia,Australia,1950-01-19
44080,Female,"Rachel Baldwin",Brighton,Victoria,Australia,Australia,1954-01-20
44195,Male,"Brayden Topp","LOWER MANGROVE","New South Wales",Australia,Australia,1984-01-09
44207,Female,"Stella Sternberg","KESWICK TERMINAL","South Australia",Australia,Australia,1984-03-16
44301,Female,"Annabelle Feetham",DUNNROCK,Queensland,Australia,Australia,1947-10-04
44493,Female,"Jorja Colechin","JACKEYS MARSH",Tasmania,Australia,Australia,1963-04-28
44496,Male,"Spencer Beach","MOUNT JOY","South Australia",Australia,Australia,1949-09-28
44728,Female,"Abbey Remington",DIGGORA,Victoria,Australia,Australia,1953-03-14
44906,Male,"Tyson Backhouse","MOUNT GAMBIER","South Australia",Australia,Australia,1994-10-06
45169,Female,"Victoria Ness",GLENROY,Queensland,Australia,Australia,1990-04-04
45172,Female,"Audrey Crooke",SCOPUS,Tasmania,Australia,Australia,1986-05-25
45250,Male,"Darcy Fryer",SACKVILLE,"New South Wales",Australia,Australia,1968-11-21
45436,Female,"Maya McIlveen",MILLFIELD,"New South Wales",Australia,Australia,1952-04-16
45522,Male,"Alexander Fenston",TIMBILLICA,"New South Wales",Australia,Australia,1985-04-09
45781,Male,"Bailey Coxen",PONTVILLE,Tasmania,Australia,Australia,1946-02-27
45814,Male,"Declan Richard","SPRING HILL","New South Wales",Australia,Australia,1968-04-05
46155,Female,"Alice Phillip",BOWES,"Western Australia",Australia,Australia,1956-02-16
46917,Male,"Jamie Price",MERU,"Western Australia",Australia,Australia,2000-01-03
46996,Male,"Jonathan Kempt","MURRAY ISLAND",Queensland,Australia,Australia,1987-02-20
47382,Female,"Brooke Richardson",NORTHGATE,"South Australia",Australia,Australia,1955-05-02
47518,Female,"Alana Spencer",UNDULLAH,Queensland,Australia,Australia,1946-05-13
47712,Male,"Aidan Dethridge",CREMORNE,"New South Wales",Australia,Australia,1976-08-30
48080,Male,"Lincoln Muscio","FERNY CREEK",Victoria,Australia,Australia,1940-04-10
48247,Male,"Joseph Clemes","HAY FLAT","South Australia",Australia,Australia,1967-05-05
48367,Female,"Rose Allardyce",INSKIP,Queensland,Australia,Australia,1949-04-09
48383,Female,"Chloe Gillen","KOYUGA SOUTH",Victoria,Australia,Australia,1951-06-06
48466,Female,"Matilda Shields","HASTINGS POINT","New South Wales",Australia,Australia,1984-12-13
48733,Female,"Sophia Gunther",BALCOLYN,"New South Wales",Australia,Australia,1989-07-22
48846,Female,"Lucy Kellway",BOWELLING,"Western Australia",Australia,Australia,1944-11-04
48925,Male,"Elijah Albert",WOOLOCUTTY,"Western Australia",Australia,Australia,1939-09-15
49400,Male,"Mason Ransford",WOOMBYE,Queensland,Australia,Australia,1967-03-15
49501,Female,"Amelie Edmondson",BUNGABBEE,"New South Wales",Australia,Australia,1982-07-16
49606,Female,"Claire Kerr",GREYMARE,Queensland,Australia,Australia,1950-04-10
49748,Male,"Tyson Flowers",PARUNA,"South Australia",Australia,Australia,1980-02-14
49776,Female,"Jessica Warburton","ROCKLEY MOUNT","New South Wales",Australia,Australia,1944-07-31
49950,Female,"Tayla Canterbury","EAST LAUNCESTON",Tasmania,Australia,Australia,1998-10-18
50075,Male,"Jayden Lloyd","MOUNT MURCHISON",Queensland,Australia,Australia,1961-11-07
50122,Female,"Brianna O'Neil",SURBITON,Queensland,Australia,Australia,1979-09-30
50681,Male,"Benjamin Makin","MOUNT DRUITT VILLAGE","New South Wales",Australia,Australia,1936-11-18
50705,Female,"Scarlett Reeve",YEAGARUP,"Western Australia",Australia,Australia,1948-08-23
50719,Female,"Angelina Wunderlich","POINT GREY","Western Australia",Australia,Australia,1995-03-27
50741,Male,"Tyson Hurley",FRANKFORD,Tasmania,Australia,Australia,1942-01-23
51172,Female,"Gabriella Tozer",ELINGAMITE,Victoria,Australia,Australia,1957-12-04
51201,Female,"Samantha Jacoby","BIRMINGHAM GARDENS","New South Wales",Australia,Australia,1939-03-04
51228,Male,"Marcus Christian",GIRU,Queensland,Australia,Australia,1978-01-31
51314,Female,"Bianca Stobie",DUVERNEY,Victoria,Australia,Australia,1954-06-23
51429,Male,"Thomas Kavel","WONBOYN LAKE","New South Wales",Australia,Australia,1979-01-05
51648,Female,"Jasmine Sellar",KYBUNGA,"South Australia",Australia,Australia,1989-06-11
51649,Male,"Toby Batchelor",YANDINA,Queensland,Australia,Australia,1958-02-26
51718,Female,"Phoebe Voss",HACKNEY,"South Australia",Australia,Australia,1938-07-25
52435,Male,"Charles Kenneally",YADBORO,"New South Wales",Australia,Australia,1956-02-29
52536,Male,"Jamie Kavanagh",PINEWOOD,Victoria,Australia,Australia,1987-02-16
52694,Female,"Grace Bidwill",Sheffield,Tasmania,Australia,Australia,1972-05-21
53168,Male,"Dylan Monds",JOYNER,Queensland,Australia,Australia,1959-04-05
53260,Female,"Keira Rowallan","MOUNT FRANKLIN",Victoria,Australia,Australia,1936-05-09
53318,Female,"Grace Osburn",TOWNSON,Queensland,Australia,Australia,1954-12-03
53891,Male,"Dominic Baylee",BINDA,"New South Wales",Australia,Australia,1944-02-10
53920,Female,"Jade Higgins",BUCKENBOWRA,"New South Wales",Australia,Australia,1986-03-27
54089,Male,"Jake Toft","THE GLEN","New South Wales",Australia,Australia,1936-09-11
54161,Male,"Leo Voss","WOODY POINT",Queensland,Australia,Australia,1992-06-24
54535,Male,"Joshua Nugan",CANNINDAH,Queensland,Australia,Australia,1957-11-08
54560,Female,"Eden Bickford","ABINGDON DOWNS",Queensland,Australia,Australia,1962-05-30
54582,Female,"Leah Fairbridge",LIMONITE,Victoria,Australia,Australia,1978-09-15
54627,Male,"John Randall",TROWUTTA,Tasmania,Australia,Australia,1968-05-25
54704,Female,"Alice Bartlett",TRAVANCORE,Victoria,Australia,Australia,1951-10-22
54752,Female,"Natasha Morrison","SOUTH BUNBURY","Western Australia",Australia,Australia,1965-12-16
54794,Female,"Georgia Barclay-Harvey",GARIE,"New South Wales",Australia,Australia,1965-08-09
54987,Male,"Isaac Sturt",MARMION,"Western Australia",Australia,Australia,1939-05-24
55039,Male,"James Connal","MOUNT MORIAC",Victoria,Australia,Australia,1960-10-07
55066,Male,"Samuel Atherton","DOLLYS FLAT","New South Wales",Australia,Australia,1942-02-14
55084,Male,"Angus Ten",PARAP,"Northern Territory",Australia,Australia,1963-12-03
55411,Female,"Lilian Stainforth","PHOENIX PARK","New South Wales",Australia,Australia,1982-02-05
55464,Female,"Holly Mansour","PADDYS RIVER","New South Wales",Australia,Australia,1981-11-16
55715,Female,"Eve Jephcott",HERDSMAN,"Western Australia",Australia,Australia,1986-03-23
55914,Male,"Lachlan Webb","SOUTH FREMANTLE","Western Australia",Australia,Australia,1992-07-31
56161,Male,"Aidan Burnett","UPPER CASTRA",Tasmania,Australia,Australia,1994-05-02
56480,Female,"Zoe Tyrrell",KYBUNGA,"South Australia",Australia,Australia,1975-03-25
56562,Female,"Lucy Mansour","ALBERT PARK",Victoria,Australia,Australia,1949-11-05
56791,Male,"Charlie Kenyon",DUNLUCE,Victoria,Australia,Australia,1994-08-26
56834,Female,"Abigail McElhone","PIKES CREEK",Queensland,Australia,Australia,1964-01-13
56951,Female,"Kate Bardsley",HURSTBRIDGE,Victoria,Australia,Australia,1985-10-20
56999,Female,"Amelia Fargher",CORNDALE,"New South Wales",Australia,Australia,1984-02-26
57093,Male,"Hayden Laidley","SPRING MOUNTAIN","New South Wales",Australia,Australia,1954-02-09
57246,Male,"Toby Dillon","CITY WEST CAMPUS","South Australia",Australia,Australia,1987-03-10
57294,Female,"Makayla Bold","TRARALGON EAST",Victoria,Australia,Australia,1980-05-15
57307,Female,"Eva Hickson",RAINBOW,Victoria,Australia,Australia,1980-11-14
57374,Male,"Jack Coote",COLONGRA,"New South Wales",Australia,Australia,1938-01-19
57491,Male,"Ryan Custance",MILLBANK,Queensland,Australia,Australia,1985-09-16
57662,Male,"Archer Tozer","COALSTOUN LAKES",Queensland,Australia,Australia,1982-06-10
57681,Male,"Caleb Louat",ROCKWELL,"Western Australia",Australia,Australia,1958-05-05
57820,Male,"Edward Howarde",DARGO,Victoria,Australia,Australia,1951-05-05
57938,Male,"Alexander Courtice",LIPAROO,Victoria,Australia,Australia,1979-10-09
58066,Male,"Andrew Forde",ASHMONT,"New South Wales",Australia,Australia,1942-10-23
58105,Female,"Mariam Bright",CAMBRAI,"South Australia",Australia,Australia,1980-04-12
58212,Female,"Amy Goffage",OAKFORD,"Western Australia",Australia,Australia,1965-01-04
58710,Male,"Jordan Foveaux",GOSNELLS,"Western Australia",Australia,Australia,1949-11-21
58919,Female,"Kaitlyn Fenton","FLOREAT FORUM","Western Australia",Australia,Australia,1960-09-13
59159,Female,"Maya Pasley","CAPE HILLSBOROUGH",Queensland,Australia,Australia,1947-07-29
59304,Male,"Patrick Collie",CARLINGFORD,"New South Wales",Australia,Australia,1953-10-01
59422,Female,"Amber Sykes",HILLGROVE,"New South Wales",Australia,Australia,1990-02-13
59529,Female,"Alice Blumenthal","FOREST GLEN","New South Wales",Australia,Australia,1992-05-28
59842,Male,"Lucas McClure",BLETCHINGTON,"New South Wales",Australia,Australia,1939-01-19
59961,Male,"Harry Hambly",GALORE,"New South Wales",Australia,Australia,1948-02-03
60009,Female,"Natasha Gall","TOWNSVILLE CITY",Queensland,Australia,Australia,1989-10-12
60088,Female,"Evie Brownbill","PAGES FLAT","South Australia",Australia,Australia,1982-06-02
60150,Female,"Jasmine Mackay","NORTHLAND CENTRE",Victoria,Australia,Australia,1964-02-14
60407,Male,"Alexander Earp",POZIERES,Queensland,Australia,Australia,1944-09-04
60411,Female,"Eliza Solly",HIGHBURY,"Western Australia",Australia,Australia,1938-10-15
60454,Male,"Toby Normanby","LOWER LEWIS PONDS","New South Wales",Australia,Australia,1953-05-05
60475,Male,"Joel Sharwood","CUDLEE CREEK","South Australia",Australia,Australia,1948-05-27
60722,Male,"Logan Dowie",KOOROOMOOL,Queensland,Australia,Australia,1985-06-08
60892,Male,"Seth Soubeiran",MOOLORT,Victoria,Australia,Australia,1964-01-24
60995,Male,"Matthew Caron",TUENA,"New South Wales",Australia,Australia,1955-09-17
61546,Female,"Alexis Heagney","COASTERS RETREAT","New South Wales",Australia,Australia,1953-09-14
61718,Female,"Chloe Schlapp","ALLIGATOR CREEK",Queensland,Australia,Australia,1956-06-01
61773,Female,"Gabrielle Kossak",CAROONA,"New South Wales",Australia,Australia,2001-04-22
61776,Male,"Mitchell Cockle","TALLOWWOOD RIDGE","New South Wales",Australia,Australia,1954-07-06
61825,Male,"Kai Culley",ERSKINEVILLE,"New South Wales",Australia,Australia,1995-10-09
61881,Female,"Rose Budd",ALBERTON,Victoria,Australia,Australia,1994-05-11
61947,Female,"Amber Tolmie",NORVAL,Victoria,Australia,Australia,1996-12-15
62017,Female,"Grace Humphries",HASTINGS,"Western Australia",Australia,Australia,1954-09-21
62035,Male,"John Duesbury",TIARO,Queensland,Australia,Australia,1952-03-18
62038,Male,"Henry Birdwood",HINDMARSH,"South Australia",Australia,Australia,1997-06-05
62076,Male,"Brock Edden",ORIELTON,Tasmania,Australia,Australia,1945-12-03
62125,Female,"Ava Lowes",IVERAGH,Queensland,Australia,Australia,1978-04-10
62133,Male,"Jonathan Fargher",GWABEGAR,"New South Wales",Australia,Australia,1996-04-27
62163,Female,"Amelia O'Neil","POINT LEO",Victoria,Australia,Australia,1961-09-22
62416,Female,"Isabelle Whitworth",EIMEO,Queensland,Australia,Australia,1943-02-23
62473,Female,"Mary Baskerville","PORT GERMEIN","South Australia",Australia,Australia,1966-09-03
62537,Female,"Lauren Nichols",WOOLOOMAN,Queensland,Australia,Australia,1937-05-03
62590,Male,"Aiden Thirkell",ROMAINE,Tasmania,Australia,Australia,1972-11-16
63342,Male,"Joel Spowers",KWEDA,"Western Australia",Australia,Australia,1971-10-06
63597,Male,"Darcy Penington",RIVERHILLS,Queensland,Australia,Australia,1939-04-19
63681,Male,"Justin Grahamslaw","POSSUM BRUSH","New South Wales",Australia,Australia,1936-04-27
63807,Male,"Ashton Bower","ALLAMBIE HEIGHTS","New South Wales",Australia,Australia,1948-12-02
63957,Female,"Dakota Nixon-Smith",FORTHSIDE,Tasmania,Australia,Australia,1991-01-13
64017,Female,"Ruby Sternberg",BRIGHTVIEW,Queensland,Australia,Australia,1964-10-05
64037,Male,"Andrew Wilkie",WONGARBON,"New South Wales",Australia,Australia,1936-09-13
64104,Female,"Brooke Cascarret",COOTRA,"South Australia",Australia,Australia,1938-06-26
64210,Male,"Lucas De Garis",Sheffield,Tasmania,Australia,Australia,1992-04-05
64491,Male,"Oliver McCloughry",MELBA,"Australian Capital Territory",Australia,Australia,1997-09-15
64511,Female,"Alice Gouger",ARGOON,Queensland,Australia,Australia,1963-01-05
64764,Male,"Jacob Pelsaert",LESLEY,"Western Australia",Australia,Australia,1986-03-03
64842,Male,"Levi Strele","MOUNT OUSLEY","New South Wales",Australia,Australia,1971-09-05
64989,Female,"Alice Moynihan","COMMISSIONERS CREEK","New South Wales",Australia,Australia,1994-03-04
65112,Female,"Ebony Fairley","POINT TURTON","South Australia",Australia,Australia,1951-09-03
65163,Female,"Abigail Considen",Beaufort,Victoria,Australia,Australia,1954-01-19
65180,Female,"Maya Colvin",NORTHLAKES,"Northern Territory",Australia,Australia,1979-01-28
65210,Female,"Caitlin Spooner",DOWLINGVILLE,"South Australia",Australia,Australia,1948-11-08
65269,Female,"Scarlett Roach",BARWIDGEE,Victoria,Australia,Australia,1941-01-24
65283,Female,"Jessica Latham",BUNGUNDARRA,Queensland,Australia,Australia,1943-04-05
65372,Male,"Logan Iredale","LONG FLAT",Queensland,Australia,Australia,1986-06-11
65507,Female,"Grace Deane","DARLING HEIGHTS",Queensland,Australia,Australia,1979-05-07
65544,Male,"Dylan Smerd","LAKE MUIR","Western Australia",Australia,Australia,1957-11-14
65856,Male,"Harrison Cantamessa","ARNOLD WEST",Victoria,Australia,Australia,1955-10-28
66352,Female,"Bethany Hose",NULSEN,"Western Australia",Australia,Australia,1959-03-10
66610,Female,"Charli Frost",FERNSHAW,Victoria,Australia,Australia,1982-02-09
66677,Female,"Abby O'Mahony",TINGHA,"New South Wales",Australia,Australia,1978-01-16
67066,Male,"Alexander Newling","MOUNT RICHON","Western Australia",Australia,Australia,1950-09-09
67157,Male,"Levi Knox","KIAMA DOWNS","New South Wales",Australia,Australia,1937-04-04
67217,Male,"Aiden De Burgh","JUBILEE HEIGHTS",Queensland,Australia,Australia,1983-03-04
67369,Female,"Rachel Gairdner","ZADOWS LANDING","South Australia",Australia,Australia,1997-01-26
67380,Female,"Alexis Melville","HORSNELL GULLY","South Australia",Australia,Australia,1958-03-13
67398,Male,"Harrison Trigg",MONASH,"Australian Capital Territory",Australia,Australia,1998-02-04
67455,Male,"Logan Armytage","GREEN HILLS","New South Wales",Australia,Australia,1993-09-15
67481,Male,"Beau Fitzgerald","RED BANKS","South Australia",Australia,Australia,1954-01-17
67744,Male,"Elijah Newbery",PUNCHBOWL,Tasmania,Australia,Australia,1944-07-03
68000,Male,"Aaron Sasse","CANNING CREEK",Queensland,Australia,Australia,1973-01-22
68082,Female,"Sienna Prentice","CROYDON PARK","New South Wales",Australia,Australia,1975-04-30
68537,Male,"Toby Vickery",MARMOR,Queensland,Australia,Australia,1977-10-30
68745,Female,"Mia Bowser",SASSAFRAS,Victoria,Australia,Australia,1942-10-03
68882,Male,"Tyson Spears",YIMBUN,Queensland,Australia,Australia,1994-12-04
69066,Female,"Kaitlyn Siede",FARINA,"South Australia",Australia,Australia,1989-11-26
69280,Female,"Mikayla Edments",MARCOLLAT,"South Australia",Australia,Australia,1945-10-02
69557,Male,"Will Pryor",MAXWELTON,Queensland,Australia,Australia,1974-02-13
69645,Female,"Ava Shout","MOUNT CLEAR",Victoria,Australia,Australia,1995-11-28
69707,Female,"Zoe Burnett","UMINA BEACH","New South Wales",Australia,Australia,1935-08-09
69754,Female,"Lucy Stone-Wigg","MOUNTAIN CREEK","New South Wales",Australia,Australia,1962-04-17
69812,Female,"Alexandra Murphy",MARENGO,Victoria,Australia,Australia,1983-04-19
69954,Female,"Keira Bourchier",Riverside,"New South Wales",Australia,Australia,1957-12-02
69959,Male,"Marcus Kingsmill",MOLESWORTH,Victoria,Australia,Australia,1977-02-15
70130,Female,"Alana Cordeaux",BALLIDU,"Western Australia",Australia,Australia,1969-07-07
70453,Female,"Isabella Ashby",BELLATA,"New South Wales",Australia,Australia,1970-11-25
70544,Male,"Luca Symons",Woodford,"New South Wales",Australia,Australia,1984-05-09
70584,Male,"Jesse Forbes",Dalton,"New South Wales",Australia,Australia,1998-09-06
70598,Female,"Gemma Swanson",ALISON,"New South Wales",Australia,Australia,1968-12-27
70912,Female,"Evie Wieck",SEVILLE,Victoria,Australia,Australia,1977-11-15
71218,Male,"Declan Chaffey",Montrose,Queensland,Australia,Australia,1947-10-26
71220,Male,"Finn Lysaght","BOORAN ROAD PO",Victoria,Australia,Australia,1999-02-11
71282,Female,"Claudia Winter-Irving","GIN GIN",Queensland,Australia,Australia,1947-06-04
71333,Male,"James De Mestre","HMAS WATSON","New South Wales",Australia,Australia,1979-12-27
71343,Male,"Liam Espie","PINK LILY",Queensland,Australia,Australia,1980-06-07
71511,Male,"Ben Flick","BAKERS CREEK","New South Wales",Australia,Australia,1998-08-13
71625,Male,"Liam Gellert","MYRTLE CREEK",Victoria,Australia,Australia,1972-11-04
71941,Female,"Erin Baylebridge",GREENETHORPE,"New South Wales",Australia,Australia,1960-11-17
72003,Female,"Isabella Buntine",KILBIRNIE,Queensland,Australia,Australia,1970-07-17
72194,Female,"Imogen Grills","WRATTENS FOREST",Queensland,Australia,Australia,1981-06-01
72571,Female,"Claudia Callister",YOUNGHUSBAND,"South Australia",Australia,Australia,1966-12-18
72645,Female,"Abigail Chin Kaw","BAIRD BAY","South Australia",Australia,Australia,1937-09-09
72719,Female,"Angelina Chinn","COCONUT GROVE","Northern Territory",Australia,Australia,1951-04-28
72812,Female,"Mary Reginald",BUSSELTON,"Western Australia",Australia,Australia,1966-05-23
72826,Male,"Hunter Edinburgh","COFFEE CAMP","New South Wales",Australia,Australia,1995-04-09
72959,Male,"Samuel Bryce","FLAMINGO BEACH",Victoria,Australia,Australia,1974-05-14
73070,Male,"Tristan Minns",BEALIBA,Victoria,Australia,Australia,1955-01-19
73324,Male,"Zachary Gyles",MOULDEN,"Northern Territory",Australia,Australia,1967-08-31
73515,Female,"Ella Hoover",GUILDFORD,"New South Wales",Australia,Australia,1953-08-15
73636,Female,"Poppy Birch",COMOBELLA,"New South Wales",Australia,Australia,1986-06-25
73704,Female,"Ebony Forlong",Sherwood,"New South Wales",Australia,Australia,1968-12-07
73955,Female,"Erin Brazenor",IRONBARK,Queensland,Australia,Australia,1937-09-29
74071,Female,"Bethany Gow",CLYDE,Victoria,Australia,Australia,1982-06-03
74210,Female,"Maddison Thurgood",BLACKBUTT,"New South Wales",Australia,Australia,1959-04-23
74240,Male,"Darcy Sleep",NAPPERBY,"South Australia",Australia,Australia,1989-08-01
74581,Female,"Lily Allum",CLUNES,"New South Wales",Australia,Australia,1956-10-11
74585,Male,"Hugo MacCarthy",BRIGHTLY,Queensland,Australia,Australia,1956-07-22
74606,Male,"Julian Davenport",Cleveland,"New South Wales",Australia,Australia,2001-10-26
74687,Male,"Lincoln Cordeaux",WALKAWAY,"Western Australia",Australia,Australia,1959-04-21
74715,Male,"Joel Tritton","LOWER MANGROVE","New South Wales",Australia,Australia,1976-01-18
74845,Male,"Jake Bugden",THALOO,Victoria,Australia,Australia,1939-11-16
74871,Male,"Hugo Finnis",KNOXFIELD,Victoria,Australia,Australia,1981-05-07
75216,Male,"Mitchell Amess","PURNONG LANDING","South Australia",Australia,Australia,1997-02-21
75555,Female,"Molly Crookes",WALKERSTON,Queensland,Australia,Australia,1996-03-06
75706,Female,"Eliza D'Alton",BEERON,Queensland,Australia,Australia,1948-01-03
75712,Male,"Brodie Birkbeck",ARMAGH,"South Australia",Australia,Australia,1979-08-28
75832,Female,"Charli Eden","SOUTH KINGSVILLE",Victoria,Australia,Australia,1986-07-09
75965,Male,"Luca Schmella","SPRING BLUFF",Queensland,Australia,Australia,1990-02-21
75976,Female,"Angelina Hyman","PAGES RIVER","New South Wales",Australia,Australia,1985-11-22
75991,Male,"Charles Glew","DARLINGTON POINT","New South Wales",Australia,Australia,1979-08-17
76013,Female,"Amber Cobby",GOULBURN,"New South Wales",Australia,Australia,1981-11-29
76021,Male,"Jett Moncrieff",MAYFIELD,"New South Wales",Australia,Australia,1960-07-26
76149,Female,"Paige Scobie",GLENVALE,Queensland,Australia,Australia,1972-06-15
76499,Female,"Kiara Pearse",KOSCIUSZKO,"New South Wales",Australia,Australia,1942-03-05
76526,Male,"Jaxon Courtney",MONOGORILBY,Queensland,Australia,Australia,1967-12-15
76531,Female,"Rebecca Liebe",MATONG,"New South Wales",Australia,Australia,1943-11-26
76532,Female,"Summer Gotch",GLENDAMBO,"South Australia",Australia,Australia,1970-06-25
76560,Male,"Archie Dilke","MARYS MOUNT","New South Wales",Australia,Australia,1956-02-12
76618,Female,"Mackenzie Wilkes",MAWSON,"Australian Capital Territory",Australia,Australia,1964-10-22
76714,Male,"Jasper Garvin",COBAR,"New South Wales",Australia,Australia,1958-10-29
76891,Male,"Gabriel Schreiber","BAERAMI CREEK","New South Wales",Australia,Australia,1976-11-13
76979,Female,"Alice Maccallum",KURUNJANG,Victoria,Australia,Australia,1990-04-20
77128,Male,"Xavier Byron",WARUMBUL,"New South Wales",Australia,Australia,1951-08-22
77150,Male,"Timothy McCarthy","AUBURN VALE","New South Wales",Australia,Australia,1970-10-29
77290,Female,"Gemma Boston",BOOROOBIN,Queensland,Australia,Australia,1947-09-13
77303,Male,"Caleb Walsh",WOODCROFT,"South Australia",Australia,Australia,2000-04-05
77409,Female,"Mary Ingamells","BULL CREEK","Western Australia",Australia,Australia,1945-05-31
77534,Female,"Leah Brock","LAKE CATHIE","New South Wales",Australia,Australia,1965-04-13
77685,Male,"Beau McLachlan",PEMBROOKE,"New South Wales",Australia,Australia,1995-10-26
77709,Female,"Ashley Eggleston","CRANBOURNE SOUTH",Victoria,Australia,Australia,1976-02-05
77742,Female,"Rebecca Weindorfer","KY WEST",Victoria,Australia,Australia,1973-04-21
77832,Female,"Poppy Cawood",NEILREX,"New South Wales",Australia,Australia,1989-05-18
78097,Male,"Zac Kavanagh",Bangor,"New South Wales",Australia,Australia,1994-06-21
78428,Female,"Audrey Zimin",SANDRINGHAM,Victoria,Australia,Australia,1987-12-07
78578,Male,"Hamish Garrick",NICHOLSON,Victoria,Australia,Australia,1983-01-17
78616,Female,"Stephanie Sheldon",DARLIMURLA,Victoria,Australia,Australia,1950-06-23
79131,Male,"Joel Luxton","PALMYRA DC","Western Australia",Australia,Australia,1952-09-12
79191,Female,"Caitlyn Waterhouse",TORRYBURN,"New South Wales",Australia,Australia,1984-11-09
79245,Female,"Natalie Henley",NEUREA,"New South Wales",Australia,Australia,1985-10-22
79667,Male,"Sebastian Leibius",HILLSIDE,Victoria,Australia,Australia,1967-07-09
79808,Female,"Alannah Nuyts",TUNCURRY,"New South Wales",Australia,Australia,1957-09-22
80029,Male,"Archer Hanton","EAST BOWES","Western Australia",Australia,Australia,1985-12-16
80128,Female,"Natalie Smeaton","PORT KEMBLA","New South Wales",Australia,Australia,1939-09-06
80155,Male,"Oscar McCabe",WINNAP,Victoria,Australia,Australia,1980-03-01
80172,Female,"Georgia Bonython","KARRATHA INDUSTRIAL ESTATE","Western Australia",Australia,Australia,1995-06-23
80273,Female,"Alyssa Fyans","TINAMBA WEST",Victoria,Australia,Australia,1998-10-11
80279,Female,"Molly Pyke",COLLIE,"Western Australia",Australia,Australia,1955-02-26
80578,Female,"Savannah Badger","SHEPPARTON SOUTH",Victoria,Australia,Australia,2000-01-27
80598,Male,"Levi Andrew",GINDORAN,Queensland,Australia,Australia,1962-07-10
81018,Male,"Riley De La Rue",HUON,Victoria,Australia,Australia,1951-08-06
81173,Female,"Annabelle Appel",KINGAHAM,Queensland,Australia,Australia,1965-11-22
81518,Female,"Natasha Brydon",WALLOWAY,"South Australia",Australia,Australia,1982-08-24
81524,Male,"Jackson Hanger","CHINAMAN WELLS","South Australia",Australia,Australia,1937-02-10
81720,Male,"Jaxon Foelsche",WARAMANGA,"Australian Capital Territory",Australia,Australia,1941-05-08
81748,Female,"Bethany Macarthur","EAST MACKAY",Queensland,Australia,Australia,1938-04-22
81993,Female,"Taylah Anderson","PARK HOLME","South Australia",Australia,Australia,1993-01-01
82415,Male,"Zac McColl",WOODHILL,Queensland,Australia,Australia,1961-12-31
82507,Male,"Archie Collicott",NURRAGI,"South Australia",Australia,Australia,1951-08-05
82533,Female,"Ellie Wardill","CAPALABA BC",Queensland,Australia,Australia,1995-07-15
82644,Male,"Bailey Myer","THE GULF","New South Wales",Australia,Australia,1983-10-02
82689,Male,"Hamish Sear",YILKARI,"Western Australia",Australia,Australia,1985-11-28
83201,Male,"Brock Kenniff","POTTERY ESTATE","New South Wales",Australia,Australia,1980-09-22
83347,Male,"Elijah Kenyon","WOMBAT CREEK","New South Wales",Australia,Australia,1995-12-08
83643,Male,"Ashton Nona",CHATSBURY,"New South Wales",Australia,Australia,1954-09-17
83651,Female,"Ellie Greenhalgh",STANHOPE,"New South Wales",Australia,Australia,1953-12-01
83690,Male,"Alexander Chowne","BOOLE POOLE",Victoria,Australia,Australia,1973-12-03
83705,Male,"Luke Buck",BIRKALLA,Queensland,Australia,Australia,1935-04-09
83739,Male,"Justin FitzGibbon",CROWTHER,"New South Wales",Australia,Australia,1957-06-26
83840,Female,"Zoe Monds",ALBERTON,Tasmania,Australia,Australia,1988-01-02
83861,Female,"Jade McCaughey","NEWBOROUGH EAST",Victoria,Australia,Australia,1993-12-01
83985,Male,"Koby Maccallum",CANUNDA,"South Australia",Australia,Australia,1998-08-14
84017,Male,"Joel Horner",TULKA,"South Australia",Australia,Australia,1938-06-18
84085,Male,"Jett Wisewould","TINGALPA BC",Queensland,Australia,Australia,1972-02-13
85080,Female,"Lilly Leggatt","BUNG BONG",Victoria,Australia,Australia,1966-02-27
85124,Male,"Riley Burnell",BUNDARRA,"New South Wales",Australia,Australia,1966-01-12
85165,Male,"Ryan Mandalis",SOUTHTOWN,Queensland,Australia,Australia,1968-12-09
85207,Male,"Julian Sternberg","MOUNT MCDONALD","New South Wales",Australia,Australia,1995-04-29
85220,Male,"Levi Prenzel",KOOJAN,"Western Australia",Australia,Australia,1984-04-15
85265,Female,"Abby McBrien","LOVETT BAY","New South Wales",Australia,Australia,2000-01-23
85381,Female,"Elizabeth Verco","TOOLARA FOREST",Queensland,Australia,Australia,1978-05-15
85430,Male,"Tyler Telfer",ELLISTON,"South Australia",Australia,Australia,1958-09-12
85561,Male,"Blake Bird","ONE TREE","New South Wales",Australia,Australia,1990-10-30
85597,Male,"Jaxon Hornibrook",COOLANA,Queensland,Australia,Australia,2001-03-22
85609,Female,"Charli Loftus-Hills",COCKATOO,Queensland,Australia,Australia,1945-08-05
85804,Male,"Thomas Grant",CUMBOOGLE,"New South Wales",Australia,Australia,1981-02-06
85861,Female,"Zara Tozer",COOLCHA,"South Australia",Australia,Australia,1962-04-08
85974,Female,"Poppy Egge",NUNGURNER,Victoria,Australia,Australia,1970-03-15
86036,Male,"Christopher Agostini",CRAIGNISH,Queensland,Australia,Australia,1948-12-08
86126,Male,"Tyler Blackmore",DUDININ,"Western Australia",Australia,Australia,1970-09-04
86207,Male,"Tyler Bright","MURRAY BRIDGE NORTH","South Australia",Australia,Australia,1971-02-13
86267,Female,"Emma Bateson",WOODLANDS,"New South Wales",Australia,Australia,1947-05-01
86297,Female,"Claire Gartrell",FRAHNS,"South Australia",Australia,Australia,1936-01-01
86358,Female,"Tahlia Lakeland",CAWONGLA,"New South Wales",Australia,Australia,1942-05-17
86465,Female,"Amelie Venables",CARNEGIE,Victoria,Australia,Australia,1962-09-12
86472,Male,"Ben Jack",MURRAGAMBA,"New South Wales",Australia,Australia,1949-12-03
86475,Female,"Bianca Bugnion",YELARBON,Queensland,Australia,Australia,1994-09-26
86903,Male,"Charlie Catani","LAKE PLAINS","South Australia",Australia,Australia,1972-10-28
87032,Male,"Brodie Logue","CROSS ROADS","New South Wales",Australia,Australia,1967-10-15
87210,Female,"Mia Isaac",CAULFIELD,Victoria,Australia,Australia,1985-12-17
87229,Female,"Jade Whitfeld",ESKDALE,Queensland,Australia,Australia,1950-11-16
87277,Female,"Lauren Vidler",CORNWALLIS,"New South Wales",Australia,Australia,1970-09-08
87290,Male,"Will Todd","KELVIN GROVE",Queensland,Australia,Australia,1997-01-20
87414,Male,"Lachlan Viney",SEMAPHORE,"South Australia",Australia,Australia,1999-03-20
87464,Male,"Taj Danglow","CARLISLE RIVER",Victoria,Australia,Australia,1990-05-26
87690,Male,"Aiden MacAdie",Alexandria,"New South Wales",Australia,Australia,1998-09-24
87861,Female,"Abby Jeanneret","MOUNT COLAH","New South Wales",Australia,Australia,1959-04-07
87891,Male,"Hunter Hoad","TAREN POINT","New South Wales",Australia,Australia,1962-07-16
87895,Male,"Jaxon Fouch","FOREST CREEK",Queensland,Australia,Australia,1958-05-10
88047,Female,"Madison Tindale","MERMAID WATERS",Queensland,Australia,Australia,1959-09-10
88769,Male,"Jake Pugliese",KRAMBACH,"New South Wales",Australia,Australia,1949-12-22
88785,Male,"Hunter Throssell",RYDE,"New South Wales",Australia,Australia,1948-11-14
88791,Male,"Oliver Throssell","GEELONG WEST",Victoria,Australia,Australia,1940-08-16
88838,Male,"Harry Manessis","St Peters","New South Wales",Australia,Australia,1951-07-29
88897,Male,"Nicholas Dunlop",BARWITE,Victoria,Australia,Australia,1988-10-15
89416,Male,"Nicholas Dransfield",YAGOONYA,Queensland,Australia,Australia,1963-09-05
89721,Female,"Evie Burrowes",APPIN,"New South Wales",Australia,Australia,1959-08-16
89946,Male,"Luca Forro","MARX HILL","New South Wales",Australia,Australia,1991-09-28
90037,Female,"Milla Ashkanasy","BASIN POCKET",Queensland,Australia,Australia,1970-03-09
90066,Male,"Hamish Michel",JERANGLE,"New South Wales",Australia,Australia,1950-01-12
90079,Female,"Phoebe Trundle",BARMAH,Victoria,Australia,Australia,1937-07-22
90281,Male,"Aidan Livingston",WOODSIDE,Victoria,Australia,Australia,1974-10-22
90316,Female,"Dakota Romano","MOUNT EMLYN",Queensland,Australia,Australia,1938-07-30
90388,Male,"Harry Schauer",EXETER,"New South Wales",Australia,Australia,1995-02-19
90630,Female,"Tayla Newman-Morris",MUNDRABILLA,"Western Australia",Australia,Australia,1957-05-19
90814,Male,"Hudson Swain",KALYAN,"South Australia",Australia,Australia,1998-03-11
90893,Male,"Aaron Trenerry",MOORONG,"New South Wales",Australia,Australia,1992-04-18
91218,Female,"Erin Heidenreich",NEWBRIDGE,"New South Wales",Australia,Australia,1993-04-23
91545,Male,"Anthony Melba","GORMANS HILL","New South Wales",Australia,Australia,2001-12-08
91756,Male,"Nicholas Smalley",Damascus,Queensland,Australia,Australia,1974-10-23
91913,Male,"Lucas Hussey",BUNJIL,"Western Australia",Australia,Australia,1943-09-20
91918,Female,"Milla Martel","ALEXANDRA HILLS",Queensland,Australia,Australia,1951-06-25
91932,Female,"Gabrielle Goward",GRACETOWN,"Western Australia",Australia,Australia,1951-07-10
92275,Female,"Scarlett Griffen",WILLINA,"New South Wales",Australia,Australia,1982-04-03
92311,Male,"Nate Lemmon",LOONGANA,Tasmania,Australia,Australia,1959-07-30
92920,Female,"Keira McGowen","TWEED HEADS SOUTH","New South Wales",Australia,Australia,1945-08-25
93296,Male,"Luca Wren",MALINONG,"South Australia",Australia,Australia,1935-03-28
93314,Male,"Jaxon Silcock",KANIMBLA,Queensland,Australia,Australia,1969-03-15
93339,Female,"Bianca Boston",KALGAN,"Western Australia",Australia,Australia,1940-01-07
93389,Female,"Sienna Mathews","HAMILTON CENTRAL",Queensland,Australia,Australia,1952-10-01
93644,Female,"Alana Dunne",BRIMBIN,"New South Wales",Australia,Australia,1962-03-18
93765,Male,"Tristan Foll",KOORINGAL,"New South Wales",Australia,Australia,1950-11-30
93788,Female,"Ebony Wimble",LOCKHART,"New South Wales",Australia,Australia,1963-12-15
93897,Female,"Emily Lyttle","SAFETY BAY","Western Australia",Australia,Australia,1975-03-15
94445,Male,"Seth Greenhalgh",CADELLO,Victoria,Australia,Australia,1946-04-27
94455,Female,"Makayla Ballard",JUNORTOUN,Victoria,Australia,Australia,1984-04-26
94554,Female,"Rose Hale","LOWER MACDONALD","New South Wales",Australia,Australia,1984-06-08
94758,Female,"Tayla Collett",NORWELL,Queensland,Australia,Australia,1950-02-20
95043,Male,"Patrick Horton",BUNJURGEN,Queensland,Australia,Australia,1948-04-14
95275,Female,"Leah Riley",DAYSDALE,"New South Wales",Australia,Australia,1960-03-27
96201,Male,"Nathan De Hamel",MORANBAH,Queensland,Australia,Australia,1951-11-03
96331,Male,"Jai Blomfield",BOORCAN,Victoria,Australia,Australia,1949-03-30
96426,Female,"Madeline Edge",DYSART,Queensland,Australia,Australia,1992-12-06
96631,Female,"Elizabeth Schaw","LAKE GEORGE","New South Wales",Australia,Australia,1959-06-29
97219,Female,"Georgia Julius","SWAN BAY",Victoria,Australia,Australia,1983-03-12
97228,Male,"Alex Smeaton","RUNNING STREAM","New South Wales",Australia,Australia,1943-04-12
97611,Male,"James Steinfeld",MERLYNSTON,Victoria,Australia,Australia,1967-04-21
98002,Female,"Zara Finney",MARCHAGEE,"Western Australia",Australia,Australia,1985-08-15
98185,Female,"Laura Airey","BACK PLAINS",Queensland,Australia,Australia,1996-08-13
98220,Male,"Oliver Cookson","RAMSGATE BEACH","New South Wales",Australia,Australia,1943-06-01
98337,Female,"Piper McDowell",MORIAC,Victoria,Australia,Australia,1958-04-04
98396,Female,"Laura Walter",GLENBURN,Victoria,Australia,Australia,1980-06-13
98583,Female,"Alana Kelly","LAKE TOOLBRUNUP","Western Australia",Australia,Australia,1964-11-30
98584,Female,"Eden Grishin",WONUARRA,"South Australia",Australia,Australia,1984-12-11
99189,Female,"Mary Ward","GATTON COLLEGE",Queensland,Australia,Australia,1965-04-08
99344,Male,"Taj Hillary",BELLIMBOPINNI,"New South Wales",Australia,Australia,1998-02-20
99711,Male,"Isaac Strele","THE SHADES","New South Wales",Australia,Australia,1941-04-03
99810,Male,"Jaxon Vonwiller",KINGSTON,Victoria,Australia,Australia,1939-03-05
99856,Male,"Cooper McGavin","FULHAM GARDENS","South Australia",Australia,Australia,1968-01-27
99988,Male,"Daniel Deen",GLENLEE,Victoria,Australia,Australia,1962-04-19
100040,Female,"Lilly Jose",STAVELY,Victoria,Australia,Australia,1941-02-02
100092,Female,"Rebecca Laidley",GLENISLA,Victoria,Australia,Australia,1991-10-22
100361,Male,"Dean Carrington",CHINANGIN,Victoria,Australia,Australia,1944-07-25
100386,Male,"Ali Kinsella","MOUNT MOLLOY",Queensland,Australia,Australia,1945-04-05
101064,Female,"Amelie Hillgrove",HYANDRA,"New South Wales",Australia,Australia,1954-06-16
101100,Male,"Archer Edgerton",WOONGARRAH,"New South Wales",Australia,Australia,1989-05-07
101173,Female,"Stephanie Crotty",EDITHBURGH,"South Australia",Australia,Australia,1959-03-29
102224,Female,"Ella Topp",Warren,"South Australia",Australia,Australia,1973-07-03
102466,Female,"Abigail Peake",GARIE,"New South Wales",Australia,Australia,1982-08-02
102503,Male,"Joel Siddons",BORALLON,Queensland,Australia,Australia,1952-07-23
102603,Female,"Katie Blyth",KOOROONA,"South Australia",Australia,Australia,1987-08-15
102774,Female,"Brooke Bryant",BUXTON,Victoria,Australia,Australia,1948-06-09
102817,Female,"Sophie Corlis",TRIABUNNA,Tasmania,Australia,Australia,1972-10-13
102999,Male,"Jayden Zwar","BLIGH PARK","New South Wales",Australia,Australia,1988-08-23
103176,Female,"Ava Stonehaven",WOODENBONG,"New South Wales",Australia,Australia,1999-04-22
103223,Male,"Benjamin McCourt","SCOTLAND ISLAND","New South Wales",Australia,Australia,1950-08-22
103427,Female,"Emily Skillen","DRY PLAIN","New South Wales",Australia,Australia,1971-10-10
104168,Female,"Sara Perdriau",WURRUK,Victoria,Australia,Australia,1976-08-16
104218,Male,"Charles Fraser",BORAMBIL,"New South Wales",Australia,Australia,1952-07-07
104233,Male,"George Bass","MOONEY MOONEY","New South Wales",Australia,Australia,1943-02-03
104247,Female,"Sienna Madsen",HOPEVALE,Victoria,Australia,Australia,2000-02-28
104331,Female,"Paige Andronicus",CAVAN,"South Australia",Australia,Australia,1948-07-03
104456,Male,"Dean Yarnold",TAMBAROORA,"New South Wales",Australia,Australia,1945-08-01
104553,Male,"Sam Rowley","SEAFORD MEADOWS","South Australia",Australia,Australia,1951-10-20
104748,Female,"Eden Robe","VIRGINIA DC",Queensland,Australia,Australia,1937-02-04
104794,Male,"Cooper Blyth",BELFRAYDEN,"New South Wales",Australia,Australia,1938-11-05
105107,Female,"Kaitlyn Patterson",LARRIMAH,"Northern Territory",Australia,Australia,1975-04-18
105126,Male,"George McCrone","YABBA SOUTH",Victoria,Australia,Australia,1992-03-14
105190,Female,"Claire Clunies","PACIFIC HEIGHTS",Queensland,Australia,Australia,1961-02-24
105208,Female,"Lilly Northcote",LONGWOOD,"South Australia",Australia,Australia,1975-08-02
105274,Female,"Alannah Flecker",GLENGARRY,Victoria,Australia,Australia,1973-07-15
105417,Male,"Xavier Grace",WEIPA,Queensland,Australia,Australia,1980-11-19
105551,Male,"Oscar Warby",BARRATTA,Queensland,Australia,Australia,1949-10-12
105595,Female,"Taylah Hentze",TANJA,"New South Wales",Australia,Australia,1943-06-22
105647,Female,"Anna Komine",REDWOOD,Queensland,Australia,Australia,1970-08-05
105856,Female,"Isabella Rutherford",TUGRAH,Tasmania,Australia,Australia,1976-08-29
106011,Male,"Luke Town",BATHUMI,Victoria,Australia,Australia,1960-02-13
106039,Female,"Emma Reynolds",CHILLINGOLLAH,Victoria,Australia,Australia,1960-01-06
106226,Female,"Emily Huntingfield","BURWOOD HEIGHTS","New South Wales",Australia,Australia,1984-12-28
106598,Female,"Caitlin Bannerman",ENMORE,"New South Wales",Australia,Australia,1951-03-20
106880,Female,"Alexandra Douglas",BLACKBUTT,"New South Wales",Australia,Australia,1942-06-07
106959,Male,"Ryan Barr",DUNKELD,Queensland,Australia,Australia,1951-02-24
106983,Male,"Anthony Beeby",VILLENEUVE,Queensland,Australia,Australia,1948-01-21
107299,Female,"Isabella Rowlandson",AUSTINMER,"New South Wales",Australia,Australia,1941-07-06
107606,Female,"Keira Whittell",ANNIEBROOK,"Western Australia",Australia,Australia,1944-08-30
107777,Female,"Milla Grahame",THORPDALE,Victoria,Australia,Australia,1943-02-12
107969,Male,"Ryan Copeley","BAY VILLAGE","New South Wales",Australia,Australia,1978-06-20
108022,Male,"Bailey Backhouse","DINNER PLAIN",Victoria,Australia,Australia,1980-02-04
108311,Male,"Cooper Evans",BERRINGAMA,Victoria,Australia,Australia,1963-02-15
108819,Female,"Isabella Conley",BERREMANGRA,"New South Wales",Australia,Australia,1980-03-28
109051,Female,"Leah Behrend",TAYENE,Tasmania,Australia,Australia,2001-09-05
109148,Male,"Zane Hercus",BULLER,"Western Australia",Australia,Australia,1939-11-18
109206,Male,"Michael Quentin",STRATHERNE,"Western Australia",Australia,Australia,1970-10-18
109212,Female,"Rachel Duncan",WESTGROVE,Queensland,Australia,Australia,1936-05-22
109281,Female,"Isabel Carver",BANGALEE,"New South Wales",Australia,Australia,1980-05-02
109522,Male,"Sam Porcelli",AVONDALE,"New South Wales",Australia,Australia,1986-05-20
109580,Male,"Jordan Jarvis","SOUTH BROKEN HILL","New South Wales",Australia,Australia,1946-08-03
109628,Female,"Amber Minahan","POMBORNEIT EAST",Victoria,Australia,Australia,1999-08-09
109977,Male,"Rory Howse","BENDIGO FORWARD",Victoria,Australia,Australia,1947-01-06
110362,Male,"Lachlan Bosch",JILPANGER,Victoria,Australia,Australia,1951-11-17
110499,Female,"Caitlyn Herman",MIVA,Queensland,Australia,Australia,1994-09-21
110988,Male,"Seth Day",BENGWORDEN,Victoria,Australia,Australia,1944-07-18
111025,Male,"Oliver Emma",MONTEITH,"South Australia",Australia,Australia,1960-07-28
111207,Male,"Bailey Geneff","WEE WEE RUP",Victoria,Australia,Australia,1957-01-16
111334,Male,"Daniel Airey","GOULDS COUNTRY",Tasmania,Australia,Australia,1981-07-30
111357,Male,"Mason Lysaght","GOLDEN POINT",Victoria,Australia,Australia,1974-10-01
111492,Female,"Rachel Watterston",SEGENHOE,"New South Wales",Australia,Australia,1999-07-30
111568,Female,"Savannah Julian","MOUNT WALKER",Queensland,Australia,Australia,1971-08-24
112073,Female,"Scarlett Harwood",GLENLEE,Queensland,Australia,Australia,1970-06-10
112287,Male,"Jaxon Govett",Fullerton,"New South Wales",Australia,Australia,1980-05-19
112464,Male,"Finn Sandford",BALAKLAVA,"South Australia",Australia,Australia,1937-06-11
112590,Female,"Ellie Burns",KIMBOLTON,Victoria,Australia,Australia,1939-07-22
112762,Female,"Jasmine Gosse",OURA,"New South Wales",Australia,Australia,1992-12-26
112989,Female,"Zoe Sear",BROMBIN,"New South Wales",Australia,Australia,1961-10-05
112993,Female,"Lola Matthaei",COOMBERDALE,"Western Australia",Australia,Australia,1955-09-25
113032,Male,"Jesse Manifold",HOPETOUN,Victoria,Australia,Australia,1989-09-09
113121,Female,"Maddison Seekamp",BUSHLEY,Queensland,Australia,Australia,1964-08-11
113244,Female,"Paige Harrington",TAPPING,"Western Australia",Australia,Australia,2001-08-29
113290,Female,"Piper Lambie","GRANITE ROCK",Victoria,Australia,Australia,1957-07-15
113294,Male,"Sean Dannevig",WOLLEMI,"New South Wales",Australia,Australia,1981-12-14
113334,Female,"Bianca Foelsche","BOORABEE PARK","New South Wales",Australia,Australia,1958-11-27
113448,Female,"Lily Grimshaw",TOORAK,Victoria,Australia,Australia,1936-10-28
113481,Male,"Zane Szabados",KUDARDUP,"Western Australia",Australia,Australia,1946-10-13
113531,Female,"Kate Shoebridge",MUJA,"Western Australia",Australia,Australia,1997-07-19
113635,Female,"Zara Annear",BIDWILL,"New South Wales",Australia,Australia,1987-08-29
113833,Male,"Oliver Fiaschi",Collinsville,Queensland,Australia,Australia,1939-03-02
114070,Male,"Henry Childe","CASTLE DOYLE","New South Wales",Australia,Australia,1991-01-02
114201,Male,"Finn Donnelly",WARRENMANG,Victoria,Australia,Australia,1972-07-30
114551,Male,"Ashton Angas","THE HEAD",Queensland,Australia,Australia,1999-12-31
114561,Female,"Isabelle Pollard","LEIGH CREEK",Victoria,Australia,Australia,1966-03-22
114709,Female,"Emma Nixon-Smith","ELLIS BEACH",Queensland,Australia,Australia,1955-02-01
114916,Female,"Sara Drysdale","WEST BUSSELTON","Western Australia",Australia,Australia,1958-02-22
114949,Male,"Spencer Gosling","TABLE CAPE",Tasmania,Australia,Australia,1969-07-17
115168,Female,"Alicia Chute","DINGO FOREST","New South Wales",Australia,Australia,1971-03-12
115335,Male,"Austin McAlpine",BIRDWOODTON,Victoria,Australia,Australia,1959-05-30
115447,Male,"Levi Windich",PELTON,"New South Wales",Australia,Australia,1994-10-12
115452,Male,"Dean Richards","FAR MEADOW","New South Wales",Australia,Australia,1978-07-30
115505,Female,"Eva Stansfield",DONDINGALONG,"New South Wales",Australia,Australia,1943-08-04
115688,Male,"David Steffanoni",YANDARAN,Queensland,Australia,Australia,2001-07-25
115869,Female,"Jessica Drysdale",STOCKRINGTON,"New South Wales",Australia,Australia,1974-10-25
115895,Male,"Sebastian Liversidge","UPPER ROUCHEL","New South Wales",Australia,Australia,1988-04-11
115902,Male,"Connor McLaren",CINNABAR,Queensland,Australia,Australia,1958-12-01
116149,Female,"Claire Denton",LOCKWOOD,Victoria,Australia,Australia,1964-02-20
116294,Male,"Hunter Andrew","TURKEY BEACH",Queensland,Australia,Australia,1990-04-16
116383,Male,"Callum Grey-Smith",YAHL,"South Australia",Australia,Australia,1971-08-25
116408,Female,"Georgia McCourt","NORTH BOYANUP","Western Australia",Australia,Australia,1977-09-02
116524,Female,"Alyssa McGirr","THE HILL","New South Wales",Australia,Australia,1961-08-22
116571,Male,"Mitchell Scarf",KIRKSTALL,Victoria,Australia,Australia,1993-02-19
116824,Female,"Ella Mort","WATTLE GROVE",Tasmania,Australia,Australia,1962-08-02
117048,Female,"Chloe Martyn","LOGAN CITY BC",Queensland,Australia,Australia,1977-10-12
117386,Male,"Christopher Currie",WAMBERAL,"New South Wales",Australia,Australia,1943-10-25
117496,Female,"Lilian Ramsden",PAPPINBARRA,"New South Wales",Australia,Australia,1965-05-30
117769,Male,"Julian Padbury","COES CREEK",Queensland,Australia,Australia,1958-12-28
117995,Male,"Julian Daintree","SOUTH GUNDAGAI","New South Wales",Australia,Australia,1984-07-22
118084,Male,"Kai Weekes",TONIMBUK,Victoria,Australia,Australia,1946-06-06
118229,Female,"Poppy Airey","UPPER MACDONALD","New South Wales",Australia,Australia,1979-02-08
118271,Female,"Abigail Reymond",ILUKA,"New South Wales",Australia,Australia,1956-08-09
118428,Male,"Christian Lakeland",DUNWICH,Queensland,Australia,Australia,1971-11-27
118451,Male,"Oscar Tulaba","GRIFFITH EAST","New South Wales",Australia,Australia,1952-03-07
118540,Male,"Zac Rodius",PINNACLES,Queensland,Australia,Australia,1988-03-28
118829,Male,"Max Hutt",TELLEBANG,Queensland,Australia,Australia,1968-04-29
118902,Female,"Eve Mulvany",PATYAH,Victoria,Australia,Australia,1986-11-23
119085,Female,"Madison Mason","EMPIRE BAY","New South Wales",Australia,Australia,1970-03-03
119095,Male,"Archie Carnegie","SAUNDERS BEACH",Queensland,Australia,Australia,1982-08-19
119365,Female,"Scarlett Forsyth","BRUCES CREEK",Victoria,Australia,Australia,1984-04-19
119449,Male,"Christopher Wilton",WARENDA,Queensland,Australia,Australia,1979-04-25
119505,Male,"Mason Parnell","FOREST HILL",Queensland,Australia,Australia,1994-07-30
119544,Male,"Will Whitington",HARTLEY,"South Australia",Australia,Australia,1960-06-17
119547,Male,"Sean Chan",PARAMATTA,"South Australia",Australia,Australia,1982-12-14
119828,Male,"Timothy Walcott",WILLASTON,"South Australia",Australia,Australia,1956-05-02
120030,Male,"Callum Haines","FOREST RIDGE",Queensland,Australia,Australia,1936-04-13
120398,Female,"Gabriella Moynihan","STURT CREEK","Western Australia",Australia,Australia,1970-08-13
120607,Female,"Zoe Pinner",PITURIE,Queensland,Australia,Australia,1950-02-01
120664,Female,"Annabelle Tozer",Genoa,Victoria,Australia,Australia,1954-12-07
120802,Female,"Angelina Hauslaib","REVESBY HEIGHTS","New South Wales",Australia,Australia,1996-10-24
120952,Male,"Angus Salier",OWANYILLA,Queensland,Australia,Australia,1957-01-21
121324,Male,"Andrew Genders",LAURA,Queensland,Australia,Australia,1989-10-17
121376,Female,"Laura Bolton",APPLETHORPE,Queensland,Australia,Australia,1964-08-28
121813,Female,"Alana McMeckan","PEACOCK SIDING",Queensland,Australia,Australia,2000-01-08
121948,Female,"Leah Hodgson","ROCKY HILLS",Tasmania,Australia,Australia,1996-02-15
121958,Male,"Cameron Angwin",COONDLE,"Western Australia",Australia,Australia,1986-06-11
122096,Female,"Alannah Wolinski",PAMPAS,Queensland,Australia,Australia,1966-09-26
122511,Female,"Savannah Carandini","DAADENNING CREEK","Western Australia",Australia,Australia,1980-10-16
122533,Male,"Jett Stedman","POINT COOK",Victoria,Australia,Australia,1992-09-06
122705,Female,"Isabella Goe",COLINTON,"New South Wales",Australia,Australia,1959-05-22
122709,Female,"Chloe Spyer","WANDIN EAST",Victoria,Australia,Australia,1996-03-06
123251,Female,"Alice Frost","CLARENCE PARK","South Australia",Australia,Australia,1974-10-27
123266,Female,"Erin Waley",CLARE,Queensland,Australia,Australia,1963-01-07
123353,Female,"Olivia Scanlan",Woodbury,Tasmania,Australia,Australia,1965-04-20
123894,Female,"Chloe Seccombe",ALSTONVALE,"New South Wales",Australia,Australia,1944-09-12
124162,Female,"Gabrielle Wynn",YARRAVILLE,Victoria,Australia,Australia,1972-10-10
124444,Male,"Oscar Harker",BOWGADA,"Western Australia",Australia,Australia,1951-03-12
124591,Female,"Summer Skillen",WOOLLAMIA,"New South Wales",Australia,Australia,1946-12-25
124680,Female,"Molly Hytten",POMPAPIEL,Victoria,Australia,Australia,1936-11-30
124719,Female,"Eva Hinder",Lemont,Tasmania,Australia,Australia,1957-02-14
124722,Female,"Kayla Glass","FOUR MILE CREEK","New South Wales",Australia,Australia,1983-05-27
124825,Female,"Brianna Yencken","NORTH KELLERBERRIN","Western Australia",Australia,Australia,1986-09-23
125008,Male,"Noah Smithers",Waterloo,"Western Australia",Australia,Australia,1954-05-21
125033,Female,"Alexandra Brydon",WOLFFDENE,Queensland,Australia,Australia,1990-08-18
125149,Male,"Lucas Broughton",WOODLEIGH,"South Australia",Australia,Australia,1955-10-17
125236,Male,"Jordan Sissons","MORNINGTON ISLAND",Queensland,Australia,Australia,1969-11-05
125242,Male,"Joseph Pitcairn",MARLESTON,"South Australia",Australia,Australia,1972-07-27
125254,Female,"Zoe Bouton",NAIRIBIN,"Western Australia",Australia,Australia,1938-08-27
125389,Female,"Brooke Heath","FOREST LODGE","New South Wales",Australia,Australia,1937-03-04
125391,Male,"Adam Fornachon",TERRIGAL,"New South Wales",Australia,Australia,1989-10-13
125649,Male,"Blake Weingarth",INGLISTON,Victoria,Australia,Australia,1949-06-19
125764,Male,"Archie Dashwood",BEACONSFIELD,Queensland,Australia,Australia,1962-02-11
125784,Male,"Patrick Gant","WEST ARMIDALE","New South Wales",Australia,Australia,1977-12-27
125873,Female,"Eliza Truebridge",TIBERIAS,Tasmania,Australia,Australia,1976-04-22
125950,Female,"Isabelle Primrose",BANKSMEADOW,"New South Wales",Australia,Australia,1942-07-18
126083,Female,"Makayla Rickards",MINGAY,"New South Wales",Australia,Australia,1936-08-23
126320,Female,"Sofia Haenke",LARRAKEYAH,"Northern Territory",Australia,Australia,1978-10-03
126469,Female,"Emily Hinton","CROUDACE BAY","New South Wales",Australia,Australia,1942-08-03
126573,Female,"Victoria Weindorfer","JARRA CREEK",Queensland,Australia,Australia,1964-11-16
126633,Male,"Luca Renwick",BURTON,Queensland,Australia,Australia,1997-12-25
126744,Male,"Declan Mobsby",MARDIE,"Western Australia",Australia,Australia,1991-11-14
126817,Male,"Benjamin Antill",Woodlawn,"New South Wales",Australia,Australia,1948-02-12
126838,Male,"Ethan Finsch",TRENTHAM,Victoria,Australia,Australia,1944-09-28
126852,Female,"Amy Mowll",COOWONGA,Queensland,Australia,Australia,1962-04-20
126916,Female,"Samantha Peyser",YARRAH,"South Australia",Australia,Australia,1984-08-10
126979,Male,"Alex Franki","BROWNS CROSSING","New South Wales",Australia,Australia,1954-02-16
127015,Female,"Bianca Morwood",BARHAM,"New South Wales",Australia,Australia,1954-09-03
127146,Male,"Hayden Charlesworth",LAMINGTON,Queensland,Australia,Australia,1970-10-26
127193,Female,"Alana Pearson","WEST KEMPSEY","New South Wales",Australia,Australia,1977-02-09
127239,Female,"Mia Korner",TRIAMBLE,"New South Wales",Australia,Australia,1977-09-19
127283,Female,"Annabelle Langler",BRIDGES,Queensland,Australia,Australia,1990-12-27
127417,Female,"Elizabeth Brookman","RIDDELLS CREEK",Victoria,Australia,Australia,1983-01-14
127554,Male,"Xavier Isaachsen",HAINES,"South Australia",Australia,Australia,1979-02-25
127943,Male,"Jackson Raw",MUNIGANEEN,Queensland,Australia,Australia,1949-06-25
128007,Female,"Eliza Arthur",GREYTHORN,Victoria,Australia,Australia,1975-10-29
128179,Female,"Tahlia Bischof",CHARBON,"New South Wales",Australia,Australia,1940-08-21
128305,Male,"Harrison Martinovich",MONOMEITH,Victoria,Australia,Australia,1953-08-25
128354,Female,"Milla Fell","CORDILLO DOWNS","South Australia",Australia,Australia,1943-12-01
128362,Male,"Jasper Elias","TARRA VALLEY",Victoria,Australia,Australia,1979-07-20
128538,Male,"Ryan Whitty",NURIOOTPA,"South Australia",Australia,Australia,1974-04-19
128585,Male,"Christian Picton",WOODPARK,"New South Wales",Australia,Australia,1946-07-14
129176,Female,"Sara Semmens",LOCKSLEY,Victoria,Australia,Australia,1985-02-07
129199,Male,"Nate Badham",YAMBACOONA,Tasmania,Australia,Australia,1968-10-12
129240,Female,"Brooke Marsden","BRIGHTON EAST",Victoria,Australia,Australia,1951-01-19
129318,Female,"Victoria Courtney","PINE VALLEY","New South Wales",Australia,Australia,1976-08-08
129405,Female,"Isabel Hills",BOMBOWLEE,"New South Wales",Australia,Australia,1954-08-09
129494,Female,"Amber Parry",Greenwood,Queensland,Australia,Australia,1987-08-19
129540,Male,"Zac O'Meara",GORDONVILLE,"New South Wales",Australia,Australia,1995-02-12
129554,Female,"Victoria Frederic",DHURRINGILE,Victoria,Australia,Australia,1987-08-30
129581,Male,"Jake Kershaw",COOLATAI,"New South Wales",Australia,Australia,1985-04-01
129583,Male,"Julian Macredie","ETON NORTH",Queensland,Australia,Australia,1955-12-22
129698,Male,"Jeremy Sligo","MOUNT MARLOW",Queensland,Australia,Australia,1968-02-02
129738,Male,"Liam Provan","GLENELG SOUTH","South Australia",Australia,Australia,1971-03-31
129786,Female,"Amy Copeland","UPPER FINE FLOWER","New South Wales",Australia,Australia,1973-01-17
129948,Female,"Lucy Tomkinson",FARLEIGH,Queensland,Australia,Australia,1974-06-02
130214,Female,"Zoe Coleman",RUTHERGLEN,Victoria,Australia,Australia,1949-03-20
130270,Female,"Maddison Irving","HOXTON PARK","New South Wales",Australia,Australia,1940-08-14
130585,Male,"Harrison Gibson",ARTHURVILLE,"New South Wales",Australia,Australia,1974-10-23
130670,Male,"Jack McKelvey","NORTH MACLEAN",Queensland,Australia,Australia,1975-01-15
130750,Female,"Madison Picot","BILAMBIL HEIGHTS","New South Wales",Australia,Australia,1967-04-13
130962,Female,"Bianca Schonell",Lyndhurst,"South Australia",Australia,Australia,1936-12-12
131067,Female,"Kiara Melrose",MILPARINKA,"New South Wales",Australia,Australia,1963-09-07
131758,Male,"Zac Sievwright",ELDERSLIE,"New South Wales",Australia,Australia,1998-11-24
131907,Male,"Mitchell Thornber",QUINDALUP,"Western Australia",Australia,Australia,1986-06-18
131976,Male,"Jaxon Croll","WILSONS PLAINS",Queensland,Australia,Australia,1982-09-14
132012,Female,"Amy Tebbutt",CAMPOONA,"South Australia",Australia,Australia,1962-03-15
132027,Male,"Will Middleton","MOUNT BARKER","South Australia",Australia,Australia,2001-01-20
132377,Male,"Hayden McGrath","CHESHUNT SOUTH",Victoria,Australia,Australia,1936-10-13
132403,Male,"Callum Toohey","LIME LAKE","Western Australia",Australia,Australia,1947-03-14
132630,Female,"Lucinda Edgar",BOSTOBRICK,"New South Wales",Australia,Australia,1962-04-05
132701,Male,"Koby Dick",WOORREE,"Western Australia",Australia,Australia,1968-12-06
132774,Male,"Taj Ahern","BAMAWM EXTENSION",Victoria,Australia,Australia,1994-03-19
132858,Female,"Amy McCorkindale",BALGA,"Western Australia",Australia,Australia,1955-03-04
133258,Male,"Hamish Leason","DIGNAMS CREEK","New South Wales",Australia,Australia,1961-10-02
133315,Male,"Jack Harington","EMU SWAMP","New South Wales",Australia,Australia,1937-10-29
133358,Female,"Kayla Hmelnitsky",CAMOOWEAL,Queensland,Australia,Australia,1969-07-22
133458,Male,"Jasper Handt","UPPER CRYSTAL CREEK","New South Wales",Australia,Australia,1960-02-02
133608,Male,"Aidan Grace","OBI OBI",Queensland,Australia,Australia,1985-02-21
133761,Female,"Dakota Neville",WEDGECARRUP,"Western Australia",Australia,Australia,1956-05-28
133787,Male,"Tyler Sellheim","WANDIN NORTH",Victoria,Australia,Australia,1960-05-02
133905,Female,"Abigail Dowie","EMU BAY","South Australia",Australia,Australia,1961-04-16
133928,Female,"Stella Grimstone",INGEBIRAH,"New South Wales",Australia,Australia,1936-02-09
133956,Male,"Ethan Kirk",LIFFEY,Tasmania,Australia,Australia,1944-07-23
133986,Female,"Lilly Cade",BREDDAN,Queensland,Australia,Australia,1961-07-17
134230,Male,"Brayden Piquet",HOPEVALE,Victoria,Australia,Australia,1992-08-25
134281,Male,"Brock Forlong",BROUGHTON,"New South Wales",Australia,Australia,1975-02-21
134688,Male,"Edward Hedley","BLUFF BEACH","South Australia",Australia,Australia,1957-12-03
134935,Male,"Matthew Rowell","AUSTINS FERRY",Tasmania,Australia,Australia,1942-08-18
135020,Female,"Isabelle Head",Midland,"Western Australia",Australia,Australia,2001-10-23
135081,Male,"Dominic Fisken",NANGARI,"South Australia",Australia,Australia,1976-10-31
135131,Female,"Rachel Cowley",CRESCENT,"South Australia",Australia,Australia,1961-04-30
135142,Male,"Elijah Pohlman",TELOPEA,"New South Wales",Australia,Australia,1966-03-06
135272,Male,"Mason Kennion","QUAMBY BEND",Tasmania,Australia,Australia,1944-10-18
135371,Female,"Mary Hanslow",THRINGTON,"South Australia",Australia,Australia,1969-11-09
135374,Male,"Brayden Wheen",GUNUNA,Queensland,Australia,Australia,1967-10-09
135531,Male,"Brock Fitzsimons",GNARABUP,"Western Australia",Australia,Australia,1995-07-05
135671,Male,"Sam Falleni",MURRAYDALE,Victoria,Australia,Australia,1978-09-02
135675,Male,"Bailey Propsting",MARRICKVILLE,"New South Wales",Australia,Australia,1999-05-26
135914,Male,"Angus Poole","RISDON PARK","South Australia",Australia,Australia,1994-01-28
135967,Male,"Christopher Byles",WESTBY,Victoria,Australia,Australia,1988-05-25
135975,Male,"Owen Jordan",BALALA,"New South Wales",Australia,Australia,1994-06-01
136055,Male,"Alex Simmons",MAGRA,Tasmania,Australia,Australia,1959-06-02
136134,Male,"Nicholas Hoff",Torrington,"New South Wales",Australia,Australia,1993-06-01
136284,Male,"Jett Power","AVOCA BEACH","New South Wales",Australia,Australia,1978-09-05
136300,Female,"Charli Strele",MITCHAM,"South Australia",Australia,Australia,1950-08-27
136823,Male,"Jayden Bowmaker",Latham,"Western Australia",Australia,Australia,1988-04-09
137153,Male,"Spencer Hoover","MURRAYS BRIDGE",Queensland,Australia,Australia,1944-11-22
137661,Female,"Isabella Brownbill",TENNYSON,"South Australia",Australia,Australia,1943-04-15
137734,Female,"Molly Macartney","ELLENBROOK EAST","Western Australia",Australia,Australia,1999-12-24
137846,Male,"Will Collee",WATTLEBANK,Queensland,Australia,Australia,1955-08-22
137865,Female,"Lucinda Ruatoka",SEVERNLEA,Queensland,Australia,Australia,1986-06-15
137949,Male,"Anthony Corin",NORONG,Victoria,Australia,Australia,1965-06-07
138130,Male,"Jai Fauchery","KENTUCKY SOUTH","New South Wales",Australia,Australia,1993-02-20
138242,Male,"Beau Rodius","WATTLE HILL",Victoria,Australia,Australia,1961-06-22
138332,Female,"Natasha White-Haney",WAANYARRA,Victoria,Australia,Australia,1972-11-30
138464,Female,"Caitlyn Salter","BONNIE DOON",Victoria,Australia,Australia,1993-12-10
138611,Male,"Sebastian O'Malley","WATTLE HILL",Victoria,Australia,Australia,1944-05-11
138735,Female,"Amelia Macquarie",NYRRABY,Victoria,Australia,Australia,1957-09-24
138767,Male,"Hugo Cathcart",BUILYAN,Queensland,Australia,Australia,1937-03-04
139176,Male,"Elijah Calder","LOWAN VALE","South Australia",Australia,Australia,1997-06-24
139224,Female,"Sofia Hardey",CANIA,Queensland,Australia,Australia,1987-12-30
139376,Male,"Leo Cuni",WANDAL,Queensland,Australia,Australia,1969-08-13
139411,Female,"Isabel McDonell",ANAMBAH,"New South Wales",Australia,Australia,1985-12-26
139479,Female,"Kiara Stuart",COBBANNAH,Victoria,Australia,Australia,1982-04-22
139742,Male,"Logan Plunkett","CAMIRA CREEK","New South Wales",Australia,Australia,1953-03-30
139817,Female,"Annabelle French","ALLENS RIVULET",Tasmania,Australia,Australia,1980-07-12
139856,Female,"Alyssa Dovey",CAMIRA,"New South Wales",Australia,Australia,1944-10-28
139891,Female,"Alicia Champion",O'REILLY,Queensland,Australia,Australia,1987-03-30
140004,Male,"Jonathan Foll",HILLVUE,"New South Wales",Australia,Australia,1937-05-04
140208,Male,"Will Tjalkabota",CRANLEY,Queensland,Australia,Australia,1975-04-15
140225,Female,"Sofia Siebenhaar",TANBY,Queensland,Australia,Australia,1987-05-05
140239,Male,"Harry Heymann",Moore,Queensland,Australia,Australia,1985-03-29
140389,Female,"Lily Coyne","EAST DAMBORING","Western Australia",Australia,Australia,1944-04-04
140457,Female,"Taylah McCrea",TARONG,Queensland,Australia,Australia,1974-11-14
140829,Male,"Ashton Gordon",STURT,Queensland,Australia,Australia,1958-02-25
140872,Female,"Georgia Waterhouse","LANE COVE","New South Wales",Australia,Australia,1990-08-22
140911,Male,"Xavier Hughes",DUVAL,"New South Wales",Australia,Australia,1950-10-19
140956,Female,"Abbey Smythe",BUMBERRAH,Victoria,Australia,Australia,1958-02-21
140972,Male,"Flynn Kossak","GRASSTREE BEACH",Queensland,Australia,Australia,1956-07-16
141179,Female,"Paige Dallachy",JUNG,Victoria,Australia,Australia,1968-10-05
141238,Male,"Joseph Fosbrook",WANDONG,Victoria,Australia,Australia,1949-10-08
141338,Male,"Benjamin Poupinel",NUNDLE,"New South Wales",Australia,Australia,1937-11-14
141371,Male,"Blake De Maistre",SOUTHEND,"South Australia",Australia,Australia,1991-06-08
141431,Male,"Cameron Edward",GNARWARRE,Victoria,Australia,Australia,1993-09-10
141645,Female,"Poppy Ruse",MIRROOL,"New South Wales",Australia,Australia,1981-05-27
141696,Male,"Jordan Brookman",HOWRAH,Tasmania,Australia,Australia,1959-04-12
141859,Male,"Angus Carter",MEERUP,"Western Australia",Australia,Australia,1991-04-18
142086,Female,"Laura Lazzarini",Brunswick,"Western Australia",Australia,Australia,1955-12-05
142282,Female,"Lucy Wanganeen","MUNGAY CREEK","New South Wales",Australia,Australia,1968-01-04
142288,Male,"Dylan Freehill",Burbank,Queensland,Australia,Australia,1979-08-11
142335,Male,"Cameron Dadswell",NEEREMAN,Victoria,Australia,Australia,1965-06-27
142425,Male,"Sam Tweddle","LITTLE PELICAN","New South Wales",Australia,Australia,1975-09-10
142837,Female,"Eva Betche",Belmont,"Western Australia",Australia,Australia,1987-03-16
143033,Male,"Mitchell Woodriff","DONCASTER EAST",Victoria,Australia,Australia,2001-11-30
143135,Male,"Dominic Watts",COLLAROY,Queensland,Australia,Australia,1943-03-12
143206,Male,"Dominic Lindsay",WINSTON,Queensland,Australia,Australia,1980-03-07
143278,Female,"Mia Raggatt",GAYTHORNE,Queensland,Australia,Australia,1996-04-13
143287,Male,"Connor Gainford",NEERABUP,"Western Australia",Australia,Australia,1970-03-19
143500,Male,"Tyler Plant","MOOROOK SOUTH","South Australia",Australia,Australia,1973-08-18
143514,Male,"Brodie Burge",KOJARENA,"Western Australia",Australia,Australia,1945-01-31
143585,Female,"Lucinda Handt",MALANDA,Queensland,Australia,Australia,1991-06-16
143646,Male,"Jack Leverrier","HULL HEADS",Queensland,Australia,Australia,1965-05-29
143836,Female,"Isabel Bennetts","KENMORE DC",Queensland,Australia,Australia,1953-01-21
